clearing_s,clears,enroute_measures,failures,fallbacks,measurement_s,measures,move_m,movement_s,noise,route_end,scenario,seconds_per_source,seed,source_count,stations,success,switching_s,time_accounting_residual_s,total_time_s,variant,wall_s
93.0,21,,6,3,1110.0,222,23523.926147715352,4704.785229543069,legacy,False,random,407.45234863620465,2007525743,15,21,True,204.0,0.0,6111.785229543069,baseline,3.2863838999910513
84.0,18,0,3,1,1175.0,235,24129.891247081978,4825.978249416395,legacy,False,random,420.2652166277596,2007525743,15,21,True,219.0,0.0,6303.978249416395,joint,0.5284352999879047
96.0,22,15,7,2,1245.0,249,22940.00624298526,4588.001248597053,legacy,False,random,410.5334165731368,2007525743,15,21,True,229.0,-9.094947017729282e-13,6158.001248597052,clear_enroute,1.1793159999942873
105.0,25,9,10,2,1225.0,245,23666.1707919836,4733.234158396721,legacy,False,random,419.14894389311473,2007525743,15,21,True,224.0,0.0,6287.234158396721,clear_once,0.9898191000102088
53.0,11,,1,0,1430.0,286,24422.26251536389,4884.452503072779,legacy,False,random,663.3452503072779,2007525744,10,21,True,266.0,0.0,6633.452503072779,baseline,1.640606499990099
53.0,11,0,1,0,1475.0,295,20773.936237941543,4154.787247588309,legacy,False,random,595.7787247588309,2007525744,10,21,True,275.0,0.0,5957.787247588309,joint,0.34210840000014286
56.0,12,8,2,0,1530.0,306,20313.835358888868,4062.767071777773,legacy,False,random,593.9767071777776,2007525744,10,21,True,291.0,2.7284841053187847e-12,5939.7670717777755,clear_enroute,0.5961552000080701
56.0,12,7,2,0,1520.0,304,20302.431966688466,4060.4863933376932,legacy,False,random,592.5486393337694,2007525744,10,21,True,289.0,1.8189894035458565e-12,5925.486393337695,clear_once,0.6130228999973042
53.0,11,,1,0,1275.0,255,20405.76598941914,4081.153197883827,legacy,False,random,564.5153197883826,2007525745,10,21,True,236.0,0.0,5645.153197883827,baseline,2.7833513999939896
53.0,11,0,1,0,1285.0,257,20418.786360790313,4083.757272158062,legacy,False,random,566.1757272158062,2007525745,10,21,True,240.0,0.0,5661.757272158062,joint,0.39386609999928623
62.0,14,8,4,1,1380.0,276,20630.236915690602,4126.0473831381205,legacy,False,random,582.904738313812,2007525745,10,21,True,261.0,0.0,5829.0473831381205,clear_enroute,0.7897662000032142
56.0,12,6,2,1,1310.0,262,21305.076999208133,4261.015399841626,legacy,False,random,587.2015399841628,2007525745,10,21,True,245.0,9.094947017729282e-13,5872.015399841627,clear_once,0.6793368000071496
61.0,13,,2,1,1320.0,264,23477.884443354396,4695.57688867088,legacy,False,random,574.6888080609891,2007525746,11,21,True,245.0,0.0,6321.57688867088,baseline,2.63800700000138
61.0,13,0,2,1,1350.0,270,23477.884443354396,4695.57688867088,legacy,False,random,577.8706262428072,2007525746,11,21,True,250.0,0.0,6356.57688867088,joint,0.359021299998858
61.0,13,12,2,1,1450.0,290,22518.22456700517,4503.644913401033,legacy,False,random,570.8768103091847,2007525746,11,21,True,265.0,0.0,6279.644913401033,clear_enroute,0.7727464999916265
61.0,13,8,2,1,1430.0,286,22518.22456700517,4503.644913401033,legacy,False,random,569.058628491003,2007525746,11,21,True,265.0,0.0,6259.644913401033,clear_once,0.6884253999887733
83.0,19,,6,1,1150.0,230,22895.92313365525,4579.184626731053,legacy,False,random,463.321894363927,2007525747,13,21,True,211.0,-1.8189894035458565e-12,6023.184626731051,baseline,3.536634599993704
83.0,19,0,6,1,1210.0,242,22895.92313365525,4579.184626731053,legacy,False,random,468.9372789793116,2007525747,13,21,True,224.0,-1.8189894035458565e-12,6096.184626731051,joint,0.5036510000063572
86.0,20,11,7,2,1325.0,265,21712.079761781573,4342.415952356315,legacy,False,random,461.64738095048557,2007525747,13,21,True,248.0,-2.7284841053187847e-12,6001.415952356312,clear_enroute,1.0287534999952186
68.0,14,7,1,0,1280.0,256,21540.610026474777,4308.122005294955,legacy,False,random,453.4709234842272,2007525747,13,21,True,239.0,-9.094947017729282e-13,5895.122005294954,clear_once,0.8281110000098124
78.0,16,,1,0,975.0,195,21921.34019331025,4384.2680386620505,legacy,False,random,374.21786924413664,2007525748,15,21,True,176.0,-9.094947017729282e-13,5613.26803866205,baseline,4.934070499992231
78.0,16,0,1,0,1030.0,206,21918.164461404696,4383.63289228094,legacy,False,random,378.7088594853959,2007525748,15,21,True,189.0,-9.094947017729282e-13,5680.632892280939,joint,0.5200114000035683
78.0,16,13,1,0,1080.0,216,21859.647285164967,4371.929457032994,legacy,False,random,381.79529713553296,2007525748,15,21,True,197.0,9.094947017729282e-13,5726.929457032995,clear_enroute,1.2132978000008734
75.0,15,8,0,0,1045.0,209,21829.537976905092,4365.907595381018,legacy,False,random,378.3938396920679,2007525748,15,21,True,190.0,9.094947017729282e-13,5675.907595381019,clear_once,1.003963199997088
53.0,11,,1,0,1365.0,273,23423.5858370311,4684.717167406221,legacy,False,random,635.6717167406221,2007525749,10,21,True,254.0,0.0,6356.717167406221,baseline,2.1126574000081746
53.0,11,0,1,0,1435.0,287,22930.13652502729,4586.027305005459,legacy,False,random,634.0027305005458,2007525749,10,21,True,266.0,-1.8189894035458565e-12,6340.0273050054575,joint,0.32604329999594484
62.0,14,8,4,1,1480.0,296,21973.750119295855,4394.75002385917,legacy,False,random,621.5750023859168,2007525749,10,21,True,279.0,-1.8189894035458565e-12,6215.750023859168,clear_enroute,0.7041480999905616
62.0,14,6,4,1,1475.0,295,21966.446697143423,4393.289339428685,legacy,False,random,620.8289339428682,2007525749,10,21,True,278.0,-2.7284841053187847e-12,6208.289339428682,clear_once,0.6449460000003455
68.0,14,,1,1,1085.0,217,23667.92065127674,4733.584130255348,legacy,False,random,468.19877925041146,2007525750,13,21,True,200.0,9.094947017729282e-13,6086.584130255349,baseline,6.110407400003169
71.0,15,0,2,1,1210.0,242,21033.253492585467,4206.650698517092,legacy,False,random,439.4346691166993,2007525750,13,21,True,225.0,-9.094947017729282e-13,5712.650698517091,joint,0.5485518999921624
71.0,15,14,2,0,1280.0,256,23812.22735264196,4762.445470528391,legacy,False,random,488.26503619449164,2007525750,13,21,True,234.0,9.094947017729282e-13,6347.4454705283915,clear_enroute,1.7056302999990294
71.0,15,8,2,0,1240.0,248,23812.22735264196,4762.4454705283915,legacy,False,random,484.80349773295325,2007525750,13,21,True,229.0,9.094947017729282e-13,6302.445470528392,clear_once,1.4438930000032997
87.0,19,,4,1,1155.0,231,27546.912122277936,5509.382424455588,legacy,False,random,464.2254949637059,2007525751,15,21,True,212.0,0.0,6963.382424455588,baseline,4.938787699997192
81.0,17,0,2,0,1180.0,236,25427.52299832986,5085.504599665971,legacy,False,random,437.3669733110648,2007525751,15,21,True,214.0,9.094947017729282e-13,6560.504599665972,joint,0.9330604999995558
90.0,20,10,5,1,1170.0,234,22160.329146116954,4432.06582922339,legacy,False,random,394.0710552815592,2007525751,15,21,True,219.0,-1.8189894035458565e-12,5911.065829223388,clear_enroute,1.6805839000007836
90.0,20,7,5,1,1160.0,232,22200.95047737895,4440.190095475789,legacy,False,random,393.9460063650525,2007525751,15,21,True,219.0,-1.8189894035458565e-12,5909.1900954757875,clear_once,1.8207188999949722
58.0,12,,1,0,1300.0,260,23524.04532106821,4704.809064213641,legacy,False,random,573.3462785648763,2007525752,11,21,True,244.0,-1.8189894035458565e-12,6306.809064213639,baseline,3.807136999996146
58.0,12,0,1,0,1310.0,262,21785.544366788927,4357.108873357787,legacy,False,random,542.6462612143441,2007525752,11,21,True,244.0,-1.8189894035458565e-12,5969.108873357785,joint,0.634937800001353
61.0,13,7,2,0,1325.0,265,19970.73164911035,3994.1463298220697,legacy,False,random,511.5587572565517,2007525752,11,21,True,247.0,-9.094947017729282e-13,5627.146329822069,clear_enroute,1.0147238000063226
61.0,13,6,2,0,1320.0,264,19965.362668599977,3993.0725337199965,legacy,False,random,510.91568488363595,2007525752,11,21,True,246.0,-9.094947017729282e-13,5620.072533719996,clear_once,1.0219053999899188
58.0,12,,1,1,1255.0,251,21886.57768647868,4377.315537295736,legacy,False,random,538.3014124814304,2007525753,11,21,True,231.0,-1.8189894035458565e-12,5921.315537295734,baseline,3.832639800006291
61.0,13,0,2,1,1315.0,263,21188.463702226763,4237.692740445354,legacy,False,random,532.6993400404866,2007525753,11,21,True,246.0,-9.094947017729282e-13,5859.692740445353,joint,0.8351645999937318
58.0,12,16,1,0,1560.0,312,21361.507818414535,4272.301563682907,legacy,False,random,562.4819603348099,2007525753,11,21,True,297.0,1.8189894035458565e-12,6187.301563682909,clear_enroute,1.7038071999995736
58.0,12,8,1,0,1465.0,293,21361.507818414535,4272.301563682907,legacy,False,random,552.1183239711735,2007525753,11,21,True,278.0,1.8189894035458565e-12,6073.301563682909,clear_once,1.1915762999997241
69.0,15,,3,1,1255.0,251,24656.470240798226,4931.294048159644,legacy,False,random,540.7745040133036,2007525754,12,21,True,234.0,-9.094947017729282e-13,6489.294048159643,baseline,5.606698300005519
63.0,13,0,1,1,1260.0,252,24336.123384344577,4867.2246768689165,legacy,False,random,535.102056405743,2007525754,12,21,True,231.0,0.0,6421.2246768689165,joint,0.7115149000019301
84.0,20,10,8,2,1270.0,254,21127.731950307287,4225.546390061457,legacy,False,random,484.5455325051214,2007525754,12,21,True,235.0,0.0,5814.546390061457,clear_enroute,1.7238761000044178
84.0,20,8,8,2,1270.0,254,21108.382423458785,4221.676484691755,legacy,False,random,484.2230403909796,2007525754,12,21,True,235.0,0.0,5810.676484691755,clear_once,1.7881816000008257
74.0,16,,3,0,1250.0,250,21387.70881563308,4277.541763126616,legacy,False,random,448.65705870204744,2007525755,13,21,True,231.0,0.0,5832.541763126616,baseline,5.171266299992567
71.0,15,0,2,0,1385.0,277,22061.72505576405,4412.34501115281,legacy,False,random,471.3342316271393,2007525755,13,21,True,259.0,9.094947017729282e-13,6127.345011152811,joint,1.0164854999893578
71.0,15,15,2,1,1450.0,290,21363.612275650885,4272.722455130177,legacy,False,random,466.6709580869367,2007525755,13,21,True,273.0,0.0,6066.722455130177,clear_enroute,2.0311771999986377
71.0,15,10,2,1,1415.0,283,21957.368616722073,4391.473723344414,legacy,False,random,472.49797871880116,2007525755,13,21,True,265.0,9.094947017729282e-13,6142.473723344415,clear_once,1.731388500003959
84.0,18,,3,0,1065.0,213,24001.781273407065,4800.356254681413,legacy,False,random,409.690416978761,2007525756,15,21,True,196.0,1.8189894035458565e-12,6145.356254681415,baseline,5.127587199996924
87.0,19,0,4,0,1135.0,227,22918.067472054474,4583.613494410897,legacy,False,random,400.84089962739307,2007525756,15,21,True,207.0,-9.094947017729282e-13,6012.613494410896,joint,0.8547909000044456
87.0,19,14,4,0,1150.0,230,21623.96760502014,4324.793521004027,legacy,False,random,384.6529014002685,2007525756,15,21,True,208.0,9.094947017729282e-13,5769.793521004028,clear_enroute,1.7523232999956235
93.0,21,9,6,0,1175.0,235,23317.164337212245,4663.432867442449,legacy,False,random,410.16219116282997,2007525756,15,21,True,221.0,9.094947017729282e-13,6152.43286744245,clear_once,1.432258600005298
58.0,12,,1,0,1375.0,275,23335.03596072716,4667.007192145432,legacy,False,random,577.9097447404939,2007525757,11,21,True,257.0,9.094947017729282e-13,6357.007192145433,baseline,2.48088820000703
61.0,13,0,2,0,1395.0,279,22295.897319838863,4459.179463967774,legacy,False,random,561.1072239970704,2007525757,11,21,True,257.0,9.094947017729282e-13,6172.179463967775,joint,0.5572187999932794
61.0,13,10,2,0,1430.0,286,20970.031516483432,4194.0063032966855,legacy,False,random,540.8187548451533,2007525757,11,21,True,264.0,9.094947017729282e-13,5949.006303296686,clear_enroute,1.0353077000036137
58.0,12,7,1,0,1425.0,285,21996.218752329005,4399.2437504658,legacy,False,random,558.4767045877999,2007525757,11,21,True,261.0,-9.094947017729282e-13,6143.243750465799,clear_once,0.9126821000099881
90.0,20,,5,1,1035.0,207,21993.39409990952,4398.678819981904,legacy,False,random,380.7785879987936,2007525758,15,21,True,188.0,9.094947017729282e-13,5711.678819981905,baseline,4.129213299995172
78.0,16,0,1,0,1105.0,221,21970.219460331507,4394.043892066303,legacy,False,random,385.3362594710868,2007525758,15,21,True,203.0,-9.094947017729282e-13,5780.043892066302,joint,0.7352936000097543
87.0,19,17,4,0,1270.0,254,21888.947473262062,4377.789494652414,legacy,False,random,397.785966310161,2007525758,15,21,True,232.0,9.094947017729282e-13,5966.789494652415,clear_enroute,1.6948989999946207
81.0,17,8,2,1,1120.0,224,21746.421778128388,4349.2843556256785,legacy,False,random,383.8856237083786,2007525758,15,21,True,208.0,9.094947017729282e-13,5758.284355625679,clear_once,1.201296100000036
86.0,18,,2,0,925.0,185,20518.329592554954,4103.66591851099,legacy,False,random,330.104119906937,2007525759,16,19,True,167.0,1.8189894035458565e-12,5281.665918510992,baseline,4.217661699993187
89.0,19,0,3,0,950.0,190,20578.501500841896,4115.70030016838,legacy,False,random,333.10626876052385,2007525759,16,19,True,175.0,1.8189894035458565e-12,5329.700300168382,joint,0.6081553999974858
95.0,21,7,5,0,985.0,197,20624.622921085705,4124.924584217142,legacy,False,random,336.74528651357133,2007525759,16,19,True,183.0,-9.094947017729282e-13,5387.924584217141,clear_enroute,0.9663312000047881
98.0,22,6,6,0,990.0,198,20691.404962403223,4138.280992480645,legacy,False,random,338.20506203004027,2007525759,16,19,True,185.0,-9.094947017729282e-13,5411.280992480644,clear_once,0.951359800004866
68.0,14,,1,0,1210.0,242,24019.290005992967,4803.858001198592,legacy,False,random,485.06600009219943,2007525760,13,21,True,224.0,0.0,6305.858001198592,baseline,2.8210945000028005
74.0,16,0,3,0,1265.0,253,22563.95853707026,4512.791707414052,legacy,False,random,468.06090057031156,2007525760,13,21,True,233.0,-1.8189894035458565e-12,6084.7917074140505,joint,0.5726067000068724
68.0,14,15,1,0,1335.0,267,23031.246575473084,4606.249315094616,legacy,False,random,481.4037934688165,2007525760,13,21,True,249.0,-9.094947017729282e-13,6258.249315094615,clear_enroute,1.233272700002999
68.0,14,10,1,0,1320.0,264,22293.90833384304,4458.7816667686075,legacy,False,random,468.7524359052775,2007525760,13,21,True,247.0,0.0,6093.7816667686075,clear_once,1.0597974999982398
75.0,17,,5,1,1170.0,234,21405.67751846663,4281.135503693328,legacy,False,random,478.4279586411106,2007525761,12,21,True,215.0,-9.094947017729282e-13,5741.135503693327,baseline,3.5805428000021493
78.0,18,0,6,1,1230.0,246,20549.23342630751,4109.846685261503,legacy,False,random,470.32055710512526,2007525761,12,21,True,226.0,0.0,5643.846685261503,joint,0.5189926000020932
72.0,16,10,4,1,1315.0,263,20480.50036195816,4096.100072391631,legacy,False,random,477.00833936596933,2007525761,12,21,True,241.0,9.094947017729282e-13,5724.100072391632,clear_enroute,1.024324699988938
72.0,16,6,4,1,1275.0,255,20480.50036195816,4096.100072391632,legacy,False,random,473.175006032636,2007525761,12,21,True,235.0,0.0,5678.100072391632,clear_once,0.8874032999883639
85.0,19,,5,1,995.0,199,21035.628057729802,4207.12561154596,legacy,False,random,390.5089722532829,2007525762,14,21,True,180.0,0.0,5467.12561154596,baseline,3.780381500007934
79.0,17,0,3,1,1020.0,204,20947.427679304856,4189.48553586097,legacy,False,random,391.17753827578355,2007525762,14,21,True,188.0,-9.094947017729282e-13,5476.485535860969,joint,0.608473900007084
88.0,20,12,6,2,1095.0,219,20514.270611260676,4102.854122252136,legacy,False,random,391.84672301800964,2007525762,14,21,True,200.0,-9.094947017729282e-13,5485.854122252135,clear_enroute,1.3284482999879401
82.0,18,8,4,1,1085.0,217,20455.39222687357,4091.0784453747137,legacy,False,random,389.7198889553368,2007525762,14,21,True,198.0,9.094947017729282e-13,5456.078445374715,clear_once,1.115978300003917
66.0,14,,2,0,1195.0,239,20349.750282613673,4069.950056522735,legacy,False,random,462.6625047102279,2007525763,12,21,True,221.0,-9.094947017729282e-13,5551.9500565227345,baseline,2.564104999997653
69.0,15,0,3,1,1225.0,245,19659.70590923845,3931.9411818476915,legacy,False,random,454.16176515397416,2007525763,12,21,True,224.0,-9.094947017729282e-13,5449.94118184769,joint,0.47874880000017583
66.0,14,9,2,0,1225.0,245,19650.403226264032,3930.0806452528072,legacy,False,random,454.17338710440066,2007525763,12,21,True,229.0,9.094947017729282e-13,5450.080645252808,clear_enroute,0.8279567999998108
66.0,14,7,2,0,1220.0,244,19647.55611246243,3929.511222492487,legacy,False,random,453.6259352077072,2007525763,12,21,True,228.0,-9.094947017729282e-13,5443.511222492486,clear_once,0.7440083999972558
89.0,19,,3,1,1000.0,200,26121.218296640935,5224.243659328187,legacy,False,random,405.89022870801176,2007525764,16,19,True,181.0,9.094947017729282e-13,6494.243659328188,baseline,4.090230100002373
101.0,23,0,7,2,1050.0,210,26074.747062943756,5214.9494125887495,legacy,False,random,409.8718382867969,2007525764,16,19,True,192.0,9.094947017729282e-13,6557.94941258875,joint,0.734051699997508
107.0,25,11,9,2,1065.0,213,24310.18741792965,4862.037483585929,legacy,False,random,389.1273427241206,2007525764,16,18,True,192.0,0.0,6226.037483585929,clear_enroute,2.0289539999939734
89.0,19,7,3,1,1080.0,216,25856.542292119764,5171.308458423952,legacy,False,random,408.83177865149696,2007525764,16,19,True,201.0,-9.094947017729282e-13,6541.308458423951,clear_once,1.7551902999985032
80.0,18,,5,1,1170.0,234,26064.487917404545,5212.897583480908,legacy,False,random,513.6075064216083,2007525765,13,21,True,214.0,0.0,6676.897583480908,baseline,3.6336577000038233
80.0,18,0,5,1,1120.0,224,23667.581398139042,4733.516279627807,legacy,False,random,472.19355997136984,2007525765,13,21,True,205.0,9.094947017729282e-13,6138.516279627808,joint,0.5264397999999346
71.0,15,9,2,0,1180.0,236,20394.257302404247,4078.8514604808506,legacy,False,random,426.91165080621914,2007525765,13,21,True,220.0,-1.8189894035458565e-12,5549.851460480849,clear_enroute,0.8368350999953691
71.0,15,9,2,0,1180.0,236,20394.257302404247,4078.8514604808506,legacy,False,random,426.91165080621914,2007525765,13,21,True,220.0,-1.8189894035458565e-12,5549.851460480849,clear_once,0.8527654000063194
84.0,18,,3,0,990.0,198,23692.744849125003,4738.548969825001,legacy,False,random,399.503264655,2007525766,15,21,True,180.0,-9.094947017729282e-13,5992.548969825,baseline,3.816121399999247
84.0,18,0,3,0,1050.0,210,23133.58316686084,4626.71663337217,legacy,False,random,397.04777555814485,2007525766,15,21,True,195.0,2.7284841053187847e-12,5955.7166333721725,joint,0.8956119999929797
90.0,20,9,5,1,1140.0,228,20865.79660523943,4173.159321047885,legacy,False,random,374.27728806985886,2007525766,15,21,True,211.0,-1.8189894035458565e-12,5614.159321047883,clear_enroute,1.46974919999775
90.0,20,8,5,1,1140.0,228,20866.194165808087,4173.238833161617,legacy,False,random,374.3492555441077,2007525766,15,21,True,212.0,-1.8189894035458565e-12,5615.238833161615,clear_once,1.3338450000010198
84.0,18,,3,0,940.0,188,22455.99958806896,4491.199917613791,legacy,False,random,379.27999450758614,2007525767,15,21,True,174.0,1.8189894035458565e-12,5689.199917613792,baseline,5.25240820000181
81.0,17,0,2,0,1010.0,202,22432.721984619762,4486.544396923951,legacy,False,random,384.0362931282634,2007525767,15,21,True,183.0,0.0,5760.544396923951,joint,0.8127160000003641
87.0,19,14,4,0,1085.0,217,21506.041356750422,4301.208271350085,legacy,False,random,378.28055142333903,2007525767,15,21,True,201.0,9.094947017729282e-13,5674.208271350086,clear_enroute,2.1687347999977646
84.0,18,8,3,0,1060.0,212,22188.69358810028,4437.7387176200555,legacy,False,random,385.18258117467036,2007525767,15,21,True,196.0,0.0,5777.7387176200555,clear_once,1.8253263000078732
96.0,22,,7,1,1035.0,207,23208.89816542778,4641.779633085558,legacy,False,random,397.51864220570394,2007525768,15,21,True,190.0,9.094947017729282e-13,5962.779633085559,baseline,4.968229500009329
120.0,30,0,15,3,1085.0,217,23469.5140070501,4693.902801410021,legacy,False,random,406.5268534273347,2007525768,15,21,True,199.0,-9.094947017729282e-13,6097.90280141002,joint,0.8101959999912651
90.0,20,12,5,1,1145.0,229,22639.116003063624,4527.823200612726,legacy,False,random,398.3882133741817,2007525768,15,21,True,213.0,-9.094947017729282e-13,5975.8232006127255,clear_enroute,1.5639919999957783
87.0,19,8,4,1,1110.0,222,22633.552833618585,4526.710566723719,legacy,False,random,395.4473711149146,2007525768,15,21,True,208.0,-9.094947017729282e-13,5931.710566723718,clear_once,1.3180702999961795
90.0,20,,5,0,1035.0,207,24183.9320612166,4836.786412243321,legacy,False,random,410.05242748288805,2007525769,15,21,True,189.0,0.0,6150.786412243321,baseline,5.476923300011549
90.0,20,0,5,0,1035.0,207,23048.44995696144,4609.689991392288,legacy,False,random,395.0459994261525,2007525769,15,21,True,191.0,-9.094947017729282e-13,5925.689991392287,joint,0.8315186999971047
96.0,22,14,7,0,1275.0,255,25849.304177712933,5169.860835542587,legacy,False,random,451.7907223695056,2007525769,15,21,True,236.0,-2.7284841053187847e-12,6776.860835542584,clear_enroute,1.8141905999946175
96.0,22,11,7,0,1255.0,251,25844.516972332494,5168.9033944665,legacy,False,random,450.26022629776645,2007525769,15,21,True,234.0,-2.7284841053187847e-12,6753.903394466497,clear_once,1.5661209999962011
71.0,17,,7,2,1400.0,280,22633.233939715057,4526.646787943011,legacy,False,random,626.064678794301,2007525770,10,21,True,263.0,-9.094947017729282e-13,6260.64678794301,baseline,3.8363685999938753
59.0,13,0,3,1,1340.0,268,20085.7022480067,4017.1404496013392,legacy,False,random,566.6140449601339,2007525770,10,21,True,250.0,0.0,5666.140449601339,joint,0.5531227999890689
62.0,14,10,4,2,1435.0,287,19813.431063860502,3962.6862127721015,legacy,False,random,572.86862127721,2007525770,10,21,True,269.0,-1.8189894035458565e-12,5728.6862127721,clear_enroute,1.2555014000099618
68.0,16,7,6,2,1435.0,287,19881.48320314742,3976.2966406294845,legacy,False,random,574.9296640629482,2007525770,10,21,True,270.0,-2.7284841053187847e-12,5749.296640629482,clear_once,1.0826998999982607
73.0,17,,6,2,1310.0,262,22232.515288476225,4446.503057695243,legacy,False,random,552.0457325177495,2007525771,11,21,True,243.0,9.094947017729282e-13,6072.503057695244,baseline,4.292461500008358
73.0,17,0,6,2,1320.0,264,22232.487258286023,4446.497451657204,legacy,False,random,553.3179501506551,2007525771,11,21,True,247.0,1.8189894035458565e-12,6086.497451657206,joint,0.6377348999958485
64.0,14,6,3,2,1350.0,270,21916.046438275993,4383.209287655198,legacy,False,random,549.9281170595633,2007525771,11,21,True,252.0,-9.094947017729282e-13,6049.209287655197,clear_enroute,1.0049589999980526
64.0,14,5,3,2,1345.0,269,21914.704510331136,4382.940902066226,legacy,False,random,549.3582638242024,2007525771,11,21,True,251.0,0.0,6042.940902066226,clear_once,1.0040996000025189
72.0,16,,4,1,1190.0,238,21549.20136292032,4309.840272584062,legacy,False,random,482.8200227153386,2007525772,12,21,True,222.0,9.094947017729282e-13,5793.840272584063,baseline,4.454276400007075
63.0,13,0,1,0,1255.0,251,22189.58725395818,4437.917450791635,legacy,False,random,498.9097875659695,2007525772,12,21,True,231.0,-9.094947017729282e-13,5986.917450791634,joint,0.8999819000018761
72.0,16,8,4,1,1285.0,257,21189.301892993208,4237.860378598642,legacy,False,random,485.9883648832201,2007525772,12,21,True,237.0,-9.094947017729282e-13,5831.860378598641,clear_enroute,1.5369007999979658
72.0,16,6,4,1,1255.0,251,21189.301892993208,4237.860378598642,legacy,False,random,482.9883648832201,2007525772,12,21,True,231.0,-9.094947017729282e-13,5795.860378598641,clear_once,1.2944568999955663
87.0,19,,4,1,905.0,181,22532.334093590955,4506.466818718192,legacy,False,random,377.4977879145462,2007525773,15,21,True,164.0,9.094947017729282e-13,5662.466818718193,baseline,4.91494160000002
87.0,19,0,4,1,965.0,193,22369.03963176621,4473.807926353242,legacy,False,random,380.1205284235494,2007525773,15,21,True,176.0,-9.094947017729282e-13,5701.807926353241,joint,1.042788600010681
75.0,15,19,0,0,1135.0,227,22257.15094861717,4451.4301897234345,legacy,False,random,390.8953459815624,2007525773,15,21,True,202.0,1.8189894035458565e-12,5863.430189723436,clear_enroute,2.567028300007223
81.0,17,9,2,2,1035.0,207,22245.264311888866,4449.052862377774,legacy,False,random,383.4701908251849,2007525773,15,21,True,187.0,0.0,5752.052862377774,clear_once,1.958761100002448
97.0,25,,14,3,1580.0,316,23004.22877882623,4600.845755765247,legacy,False,random,597.7132505241134,2007525774,11,21,True,297.0,0.0,6574.845755765247,baseline,2.761083999997936
94.0,24,0,13,3,1605.0,321,24186.317163539545,4837.263432707911,legacy,False,random,621.6603120643554,2007525774,11,21,True,302.0,-2.7284841053187847e-12,6838.263432707909,joint,0.5651413000014145
61.0,13,9,2,1,1440.0,288,21455.1124465042,4291.02248930084,legacy,False,random,551.4565899364399,2007525774,11,21,True,274.0,-9.094947017729282e-13,6066.022489300839,clear_enroute,1.0581276000011712
64.0,14,7,3,1,1440.0,288,21453.026835199416,4290.6053670398815,legacy,False,random,551.6913970036256,2007525774,11,21,True,274.0,0.0,6068.6053670398815,clear_once,0.9516024000040488
60.0,12,,0,0,1270.0,254,25512.906429388913,5102.581285877783,legacy,False,random,555.4651071564818,2007525775,12,21,True,233.0,0.0,6665.581285877783,baseline,4.338718200000585
63.0,13,0,1,0,1260.0,252,21867.292713428298,4373.458542685661,legacy,False,random,494.2882118904717,2007525775,12,21,True,235.0,-9.094947017729282e-13,5931.45854268566,joint,0.710481299989624
63.0,13,9,1,0,1305.0,261,20679.109938775702,4135.82198775514,legacy,False,random,478.7351656462616,2007525775,12,21,True,241.0,-9.094947017729282e-13,5744.821987755139,clear_enroute,1.2519075000018347
63.0,13,5,1,0,1275.0,255,20566.990291397327,4113.398058279466,legacy,False,random,474.11650485662204,2007525775,12,21,True,238.0,-9.094947017729282e-13,5689.398058279465,clear_once,1.0056980999943335
89.0,23,,13,4,1460.0,292,21946.4241305521,4389.28482611042,legacy,False,random,621.4284826110419,2007525776,10,21,True,276.0,-9.094947017729282e-13,6214.284826110419,baseline,3.754523600000539
83.0,21,0,11,3,1465.0,293,21792.459894907577,4358.491978981517,legacy,False,random,618.4491978981516,2007525776,10,21,True,278.0,-9.094947017729282e-13,6184.491978981516,joint,0.5046278000081657
62.0,14,8,4,2,1475.0,295,20877.913848701384,4175.582769740278,legacy,False,random,599.1582769740278,2007525776,10,21,True,279.0,0.0,5991.582769740278,clear_enroute,0.8869768000004115
65.0,15,6,5,2,1475.0,295,20904.15412820805,4180.830825641611,legacy,False,random,600.0830825641608,2007525776,10,21,True,280.0,-2.7284841053187847e-12,6000.8308256416085,clear_once,0.92744300000777
65.0,13,,0,0,1205.0,241,25854.28612475931,5170.857224951861,legacy,False,random,512.3736326886047,2007525777,13,21,True,220.0,0.0,6660.857224951861,baseline,4.548220099997707
68.0,14,0,1,0,1255.0,251,25631.78002256335,5126.3560045126715,legacy,False,random,513.9504618855901,2007525777,13,21,True,232.0,0.0,6681.3560045126715,joint,0.8867705000011483
74.0,16,12,3,1,1330.0,266,23343.139460680646,4668.627892136129,legacy,False,random,486.12522247201,2007525777,13,21,True,247.0,9.094947017729282e-13,6319.62789213613,clear_enroute,1.5974500000011176
74.0,16,8,3,1,1315.0,263,25739.881910432632,5147.9763820865255,legacy,False,random,521.6904909297327,2007525777,13,21,True,245.0,0.0,6781.9763820865255,clear_once,1.34773700000369
98.0,22,,6,1,1190.0,238,23683.876905270954,4736.77538105419,legacy,False,random,390.0484613158869,2007525778,16,19,True,216.0,9.094947017729282e-13,6240.775381054191,baseline,3.3807395000039833
110.0,26,0,10,2,1290.0,258,24134.25193057661,4826.850386115321,legacy,False,random,403.92814913220764,2007525778,16,19,True,236.0,9.094947017729282e-13,6462.850386115322,joint,1.0248850000061793
83.0,17,29,1,0,1580.0,316,22391.627297331186,4478.325459466236,legacy,False,random,402.08284121663985,2007525778,16,19,True,292.0,1.8189894035458565e-12,6433.325459466238,clear_enroute,2.6055202999996254
86.0,18,13,2,1,1410.0,282,23899.686767302373,4779.937353460474,legacy,False,random,408.49608459127967,2007525778,16,19,True,260.0,9.094947017729282e-13,6535.937353460475,clear_once,1.7287826000101632
82.0,20,,9,1,1290.0,258,21661.03598935011,4332.207197870022,legacy,False,random,540.2915634427294,2007525779,11,21,True,239.0,9.094947017729282e-13,5943.207197870023,baseline,3.07050510001136
97.0,25,0,14,2,1375.0,275,21536.613308442607,4307.322661688521,legacy,False,random,548.48387833532,2007525779,11,21,True,254.0,-9.094947017729282e-13,6033.32266168852,joint,0.5369812999997521
70.0,16,15,5,2,1505.0,301,21146.623140142587,4229.324628028517,legacy,False,random,552.847693457138,2007525779,11,21,True,277.0,9.094947017729282e-13,6081.3246280285175,clear_enroute,1.7364903999987291
73.0,17,8,6,2,1455.0,291,21205.641440489217,4241.1282880978415,legacy,False,random,549.1025716452584,2007525779,11,21,True,271.0,9.094947017729282e-13,6040.128288097842,clear_once,1.4081824999884702
90.0,20,,5,1,930.0,186,21302.565229739597,4260.513045947918,legacy,False,random,363.3675363965278,2007525780,15,21,True,170.0,-9.094947017729282e-13,5450.513045947917,baseline,6.383723599996301
93.0,21,0,6,1,980.0,196,21495.2433271056,4299.048665421119,legacy,False,random,369.9365776947413,2007525780,15,21,True,177.0,0.0,5549.048665421119,joint,0.8458422000112478
84.0,18,10,3,0,965.0,193,20191.732049534134,4038.3464099068283,legacy,False,random,351.0230939937885,2007525780,15,21,True,178.0,0.0,5265.346409906828,clear_enroute,1.7666277999960585
81.0,17,8,2,0,945.0,189,20388.24171807157,4077.6483436143153,legacy,False,random,351.77655624095433,2007525780,15,21,True,173.0,0.0,5276.648343614315,clear_once,1.5567481000034604
80.0,18,,5,1,1165.0,233,21542.19669405528,4308.439338811057,legacy,False,random,443.879949139312,2007525781,13,21,True,217.0,-9.094947017729282e-13,5770.439338811056,baseline,3.7951795999979367
95.0,23,0,10,2,1320.0,264,22340.187138388334,4468.0374276776665,legacy,False,random,471.54134059058975,2007525781,13,21,True,247.0,0.0,6130.0374276776665,joint,0.6272701999987476
71.0,15,10,2,0,1290.0,258,21458.608557866046,4291.72171157321,legacy,False,random,453.05551627486244,2007525781,13,21,True,237.0,1.8189894035458565e-12,5889.721711573212,clear_enroute,1.450767199989059
83.0,19,10,6,2,1380.0,276,22099.612215962,4419.922443192397,legacy,False,random,472.22480332249205,2007525781,13,21,True,256.0,0.0,6138.922443192397,clear_once,1.1885443999926792
71.0,15,,2,0,1320.0,264,26077.372552164572,5215.474510432917,legacy,False,random,527.0365008025319,2007525782,13,21,True,245.0,-1.8189894035458565e-12,6851.474510432915,baseline,3.6470182000048226
65.0,13,0,0,0,1320.0,264,21652.36993458201,4330.473986916402,legacy,False,random,458.3441528397233,2007525782,13,21,True,243.0,0.0,5958.473986916402,joint,0.6923267999954987
74.0,16,10,3,0,1360.0,272,24327.99318586578,4865.598637173156,legacy,False,random,504.1229720902429,2007525782,13,21,True,254.0,1.8189894035458565e-12,6553.598637173158,clear_enroute,1.336668899995857
71.0,15,7,2,0,1340.0,268,24313.630822352556,4862.726164470512,legacy,False,random,501.67124342080854,2007525782,13,21,True,248.0,-9.094947017729282e-13,6521.726164470511,clear_once,1.1532059999881312
86.0,18,,2,1,850.0,170,22155.22035765914,4431.044071531828,legacy,False,random,344.81525447073926,2007525783,16,19,True,150.0,0.0,5517.044071531828,baseline,5.699393700007931
86.0,18,0,2,1,905.0,181,22159.404681122713,4431.880936224544,legacy,False,random,348.805058514034,2007525783,16,19,True,158.0,0.0,5580.880936224544,joint,0.8192764999985229
86.0,18,14,2,0,975.0,195,22406.954698237983,4481.390939647598,legacy,False,random,357.0869337279749,2007525783,16,19,True,171.0,0.0,5713.390939647598,clear_enroute,1.7431423000089126
89.0,19,9,3,0,945.0,189,22428.620105414146,4485.7240210828295,legacy,False,random,355.48275131767684,2007525783,16,19,True,168.0,0.0,5687.7240210828295,clear_once,1.4010930999938864
50.0,10,,0,0,1425.0,285,23851.59224869039,4770.31844973808,legacy,False,random,651.2318449738078,2007525784,10,21,True,267.0,-1.8189894035458565e-12,6512.318449738078,baseline,2.534454000007827
53.0,11,0,1,0,1535.0,307,22360.484470136384,4472.096894027277,legacy,False,random,634.7096894027276,2007525784,10,21,True,287.0,-9.094947017729282e-13,6347.096894027276,joint,0.4574729000014486
53.0,11,7,1,0,1580.0,316,22877.877280348854,4575.575456069771,legacy,False,random,650.7575456069773,2007525784,10,21,True,299.0,1.8189894035458565e-12,6507.575456069772,clear_enroute,0.8455564000032609
56.0,12,7,2,0,1580.0,316,22309.147470972926,4461.829494194587,legacy,False,random,639.4829494194588,2007525784,10,21,True,297.0,9.094947017729282e-13,6394.829494194588,clear_once,0.8581004999869037
71.0,15,,2,0,1165.0,233,20484.447101450045,4096.88942029001,legacy,False,random,426.76072463769293,2007525785,13,21,True,215.0,-1.8189894035458565e-12,5547.889420290008,baseline,4.105597999994643
68.0,14,0,1,0,1110.0,222,20999.27694834041,4199.855389668083,legacy,False,random,429.29656843600645,2007525785,13,21,True,203.0,9.094947017729282e-13,5580.855389668084,joint,0.7245198000018718
74.0,16,11,3,0,1245.0,249,20768.280577399702,4153.656115479941,legacy,False,random,438.5120088830723,2007525785,13,21,True,228.0,-9.094947017729282e-13,5700.65611547994,clear_enroute,1.1521882999950321
74.0,16,8,3,0,1235.0,247,20763.11581808841,4152.623163617683,legacy,False,random,437.5863972013601,2007525785,13,21,True,227.0,-9.094947017729282e-13,5688.623163617682,clear_once,0.9362366999994265
65.0,15,,5,1,1365.0,273,22219.967497349237,4443.993499469846,legacy,False,random,612.9993499469847,2007525786,10,21,True,256.0,9.094947017729282e-13,6129.993499469847,baseline,3.1342594000016106
50.0,10,0,0,0,1390.0,278,22091.498626310393,4418.299725262077,legacy,False,random,611.7299725262079,2007525786,10,21,True,259.0,1.8189894035458565e-12,6117.299725262079,joint,0.7335189000004902
56.0,12,7,2,1,1405.0,281,20257.449466199316,4051.489893239863,legacy,False,random,577.3489893239864,2007525786,10,21,True,261.0,9.094947017729282e-13,5773.489893239864,clear_enroute,1.1802895000000717
56.0,12,7,2,1,1405.0,281,20257.449466199316,4051.489893239863,legacy,False,random,577.3489893239864,2007525786,10,21,True,261.0,9.094947017729282e-13,5773.489893239864,clear_once,0.9723354000016116
68.0,14,,1,0,1160.0,232,21629.654740599537,4325.930948119907,legacy,False,random,443.5331498553774,2007525787,13,21,True,212.0,-9.094947017729282e-13,5765.930948119906,baseline,4.690818900009617
74.0,16,0,3,1,1190.0,238,19859.478425867583,3971.895685173515,legacy,False,random,419.6842834748858,2007525787,13,21,True,220.0,0.0,5455.895685173515,joint,0.5734149000054458
71.0,15,9,2,1,1215.0,243,19568.30144583179,3913.6602891663565,legacy,False,random,417.20463762818144,2007525787,13,21,True,224.0,1.8189894035458565e-12,5423.660289166359,clear_enroute,1.179143600005773
71.0,15,7,2,1,1210.0,242,19567.186565179036,3913.4373130358067,legacy,False,random,416.7259471566007,2007525787,13,21,True,223.0,1.8189894035458565e-12,5417.437313035809,clear_once,1.0897519999998622
58.0,12,,1,0,1335.0,267,23055.084422692988,4611.016884538597,legacy,False,random,568.4560804125997,2007525788,11,21,True,249.0,0.0,6253.016884538597,baseline,3.8332752999995137
58.0,12,0,1,0,1395.0,279,22690.027248975715,4538.005449795143,legacy,False,random,568.2732227086493,2007525788,11,21,True,260.0,-9.094947017729282e-13,6251.005449795142,joint,0.8586567000020295
58.0,12,10,1,0,1410.0,282,21976.203420833906,4395.240684166782,legacy,False,random,556.5673349242526,2007525788,11,21,True,259.0,-3.637978807091713e-12,6122.240684166778,clear_enroute,1.610281400004169
58.0,12,7,1,0,1375.0,275,22175.68892082533,4435.1377841650665,legacy,False,random,556.5579803786421,2007525788,11,21,True,254.0,-3.637978807091713e-12,6122.137784165063,clear_once,1.2761952000000747
108.0,26,,11,2,985.0,197,24026.462319136743,4805.292463827348,legacy,False,random,405.21949758848984,2007525789,15,21,True,180.0,0.0,6078.292463827348,baseline,6.912131499993848
87.0,19,0,4,0,960.0,192,24974.75816947451,4994.9516338949015,legacy,False,random,414.2634422596601,2007525789,15,21,True,172.0,0.0,6213.9516338949015,joint,0.785697600003914
96.0,22,14,7,0,1050.0,210,25051.622770198832,5010.324554039766,legacy,False,random,423.0883036026511,2007525789,15,21,True,190.0,9.094947017729282e-13,6346.324554039767,clear_enroute,2.325558700002148
96.0,22,11,7,0,1040.0,208,25020.155763983224,5004.031152796644,legacy,False,random,422.0687435197763,2007525789,15,21,True,191.0,9.094947017729282e-13,6331.031152796645,clear_once,2.0520990999939386
89.0,19,,3,0,770.0,154,20378.206222801517,4075.6412445603046,legacy,False,random,317.2275777850191,2007525790,16,12,True,141.0,9.094947017729282e-13,5075.6412445603055,baseline,6.221308499996667
98.0,22,0,6,1,740.0,148,19779.848428356236,3955.969685671248,legacy,False,random,307.873105354453,2007525790,16,11,True,132.0,0.0,4925.969685671248,joint,1.3912985000060871
101.0,23,5,7,2,790.0,158,19747.01854873248,3949.403709746496,legacy,False,random,311.5877318591561,2007525790,16,11,True,145.0,1.8189894035458565e-12,4985.403709746498,clear_enroute,2.365894300004584
101.0,23,5,7,2,790.0,158,19749.800006901856,3949.9600013803715,legacy,False,random,311.62250008627325,2007525790,16,11,True,145.0,0.0,4985.960001380372,clear_once,2.272330599997076
90.0,20,,5,1,1140.0,228,21912.671543517223,4382.534308703445,legacy,False,random,388.1022872468963,2007525791,15,21,True,209.0,-9.094947017729282e-13,5821.534308703444,baseline,3.830758700001752
111.0,27,0,12,2,1265.0,253,22559.914666643963,4511.982933328791,legacy,False,random,408.39886222191933,2007525791,15,21,True,238.0,-9.094947017729282e-13,6125.98293332879,joint,0.872121899999911
78.0,16,11,1,0,1280.0,256,21114.20798859428,4222.841597718855,legacy,False,random,387.922773181257,2007525791,15,21,True,238.0,0.0,5818.841597718855,clear_enroute,1.8313089999865042
90.0,20,9,5,1,1310.0,262,22212.785061905746,4442.55701238115,legacy,False,random,405.90380082541003,2007525791,15,21,True,246.0,0.0,6088.55701238115,clear_once,1.7280509999982314
55.0,11,,0,0,1300.0,260,21171.587544785078,4234.317508957015,legacy,False,random,529.8470462688197,2007525792,11,21,True,239.0,9.094947017729282e-13,5828.317508957016,baseline,4.365486900001997
55.0,11,0,0,0,1375.0,275,21574.280544932233,4314.856108986447,legacy,False,random,545.2596462714953,2007525792,11,21,True,253.0,9.094947017729282e-13,5997.856108986448,joint,0.5999859000003198
79.0,19,7,8,1,1345.0,269,21007.363615621245,4201.472723124249,legacy,False,random,534.5884293749318,2007525792,11,21,True,255.0,9.094947017729282e-13,5880.47272312425,clear_enroute,1.154707999987295
61.0,13,5,2,0,1305.0,261,20545.61350064973,4109.122700129947,legacy,False,random,520.011154557268,2007525792,11,21,True,245.0,9.094947017729282e-13,5720.122700129948,clear_once,1.0040549999976065
87.0,19,,4,0,1100.0,220,22035.515755279812,4407.1031510559615,legacy,False,random,386.6068767370641,2007525793,15,21,True,205.0,0.0,5799.1031510559615,baseline,4.897933700005524
93.0,21,0,6,0,1015.0,203,22303.44196704102,4460.688393408205,legacy,False,random,383.77922622721366,2007525793,15,21,True,188.0,0.0,5756.688393408205,joint,0.9919755999871995
81.0,17,11,2,0,1125.0,225,22086.8200199927,4417.36400399854,legacy,False,random,388.89093359990267,2007525793,15,21,True,210.0,0.0,5833.36400399854,clear_enroute,1.6816867000015918
81.0,17,10,2,0,1125.0,225,22084.49680960149,4416.899361920297,legacy,False,random,388.79329079468647,2007525793,15,21,True,209.0,0.0,5831.899361920297,clear_once,1.2911147999984678
78.0,16,,1,0,955.0,191,23304.12986818683,4660.825973637366,legacy,False,random,391.1217315758245,2007525794,15,21,True,173.0,1.8189894035458565e-12,5866.8259736373675,baseline,7.250991599998088
78.0,16,0,1,0,1045.0,209,21763.24636132941,4352.649272265881,legacy,False,random,377.6432848177254,2007525794,15,21,True,189.0,-9.094947017729282e-13,5664.64927226588,joint,0.7678787999902852
99.0,23,11,8,3,1125.0,225,21438.570203566225,4287.714040713244,legacy,False,random,381.5809360475496,2007525794,15,21,True,212.0,0.0,5723.714040713244,clear_enroute,1.7062082999909762
87.0,19,9,4,2,1080.0,216,21356.51744228945,4271.30348845789,legacy,False,random,376.0202325638593,2007525794,15,21,True,202.0,-9.094947017729282e-13,5640.303488457889,clear_once,1.5597662000072887
104.0,24,,8,2,1065.0,213,27046.061177319414,5409.212235463885,legacy,False,random,423.1382647164928,2007525795,16,20,True,192.0,0.0,6770.212235463885,baseline,4.71658419999585
104.0,24,0,8,2,1125.0,225,27058.7800386368,5411.756007727361,legacy,False,random,428.10975048296007,2007525795,16,20,True,209.0,0.0,6849.756007727361,joint,0.665072899995721
95.0,21,15,5,2,1155.0,231,26129.177394547605,5225.835478909521,legacy,False,random,417.98971743184507,2007525795,16,20,True,212.0,0.0,6687.835478909521,clear_enroute,1.5093492000014521
95.0,21,9,5,2,1105.0,221,26129.177394547605,5225.835478909521,legacy,False,random,414.36471743184507,2007525795,16,20,True,204.0,0.0,6629.835478909521,clear_once,1.3011040999990655
53.0,11,,1,0,1315.0,263,23073.085773139766,4614.617154627954,legacy,False,random,622.5617154627954,2007525796,10,21,True,243.0,0.0,6225.617154627954,baseline,4.280616599993664
62.0,14,0,4,1,1350.0,270,21429.54913305055,4285.90982661011,legacy,False,random,594.790982661011,2007525796,10,21,True,250.0,-9.094947017729282e-13,5947.909826610109,joint,0.5830469999928027
59.0,13,6,3,0,1375.0,275,21413.22137406914,4282.644274813828,legacy,False,random,597.5644274813828,2007525796,10,21,True,259.0,0.0,5975.644274813828,clear_enroute,0.9186951000010595
53.0,11,5,1,0,1365.0,273,21652.864168134143,4330.572833626828,legacy,False,random,600.257283362683,2007525796,10,21,True,254.0,1.8189894035458565e-12,6002.572833626829,clear_once,0.8045514999976149
68.0,14,,1,0,1210.0,242,24175.856475263507,4835.171295052703,legacy,False,random,487.39779192713104,2007525797,13,21,True,223.0,9.094947017729282e-13,6336.1712950527035,baseline,3.390639299992472
68.0,14,0,1,0,1255.0,251,24175.88784144923,4835.177568289846,legacy,False,random,491.3982744838344,2007525797,13,21,True,230.0,1.8189894035458565e-12,6388.177568289848,joint,0.7342827999964356
71.0,15,10,2,0,1265.0,253,23743.60622865504,4748.721245731008,legacy,False,random,485.9016342870006,2007525797,13,21,True,232.0,0.0,6316.721245731008,clear_enroute,1.456253900003503
74.0,16,7,3,0,1260.0,252,23757.161009545012,4751.432201909002,legacy,False,random,486.11016937761553,2007525797,13,21,True,234.0,0.0,6319.432201909002,clear_once,1.2321232000103919
63.0,13,,1,0,1150.0,230,21978.445660736765,4395.689132147352,legacy,False,random,485.307427678946,2007525798,12,21,True,215.0,0.0,5823.689132147352,baseline,4.352234400008456
63.0,13,0,1,0,1200.0,240,22976.9844909671,4595.396898193419,legacy,False,random,506.5330748494516,2007525798,12,21,True,220.0,9.094947017729282e-13,6078.3968981934195,joint,0.7695173999964027
63.0,13,15,1,0,1325.0,265,21396.154042035534,4279.230808407106,legacy,False,random,492.6025673672588,2007525798,12,21,True,244.0,-9.094947017729282e-13,5911.2308084071055,clear_enroute,2.3277559999987716
63.0,13,8,1,0,1270.0,254,21384.63974171728,4276.927948343454,legacy,False,random,487.2439956952878,2007525798,12,21,True,237.0,0.0,5846.927948343454,clear_once,1.5069696999998996
111.0,27,,12,3,1115.0,223,21891.90692511121,4378.381385022241,legacy,False,random,387.35875900148284,2007525799,15,21,True,206.0,9.094947017729282e-13,5810.381385022242,baseline,4.497925400006352
96.0,22,0,7,2,1135.0,227,20995.661666353684,4199.132333270737,legacy,False,random,376.0754888847158,2007525799,15,21,True,211.0,0.0,5641.132333270737,joint,0.8126888999977382
87.0,19,8,4,1,1180.0,236,20848.086228910783,4169.617245782156,legacy,False,random,377.1744830521438,2007525799,15,21,True,221.0,9.094947017729282e-13,5657.617245782157,clear_enroute,1.2173595999920508
87.0,19,6,4,1,1170.0,234,20850.295699999053,4170.059139999811,legacy,False,random,376.403942666654,2007525799,15,21,True,219.0,-9.094947017729282e-13,5646.05913999981,clear_once,0.9653014999930747
71.0,15,,2,0,1130.0,226,21294.38268922056,4258.876537844111,legacy,False,random,436.0674259880085,2007525800,13,21,True,209.0,-9.094947017729282e-13,5668.87653784411,baseline,3.4550878000009106
71.0,15,0,2,0,1180.0,236,19863.878850906076,3972.7757701812134,legacy,False,random,418.52121309086255,2007525800,13,21,True,217.0,0.0,5440.775770181213,joint,0.5452870000008261
74.0,16,10,3,1,1225.0,245,20156.969816071723,4031.393963214344,legacy,False,random,427.49184332418037,2007525800,13,21,True,227.0,9.094947017729282e-13,5557.393963214345,clear_enroute,1.4756219999981113
71.0,15,9,2,1,1125.0,225,20329.731883607463,4065.9463767214925,legacy,False,random,420.611259747807,2007525800,13,21,True,206.0,-1.8189894035458565e-12,5467.946376721491,clear_once,1.3338405999966199
58.0,12,,1,0,1255.0,251,20386.889336665477,4077.377867333094,legacy,False,random,511.03435157573585,2007525801,11,21,True,231.0,0.0,5621.377867333094,baseline,3.71735350000381
58.0,12,0,1,0,1305.0,261,20386.889336665477,4077.377867333094,legacy,False,random,516.216169757554,2007525801,11,21,True,238.0,0.0,5678.377867333094,joint,0.49033639999106526
58.0,12,11,1,0,1320.0,264,20632.03997527491,4126.407995054981,legacy,False,random,522.309817732271,2007525801,11,21,True,241.0,-9.094947017729282e-13,5745.40799505498,clear_enroute,1.1266542000084883
58.0,12,5,1,0,1295.0,259,20612.387363296926,4122.477472659385,legacy,False,random,519.497952059944,2007525801,11,21,True,239.0,-9.094947017729282e-13,5714.477472659384,clear_once,0.8984903000091435
71.0,17,,7,2,1500.0,300,25442.443563203207,5088.48871264064,legacy,False,random,694.1488712640642,2007525802,10,21,True,282.0,9.094947017729282e-13,6941.488712640641,baseline,2.7321020999952452
59.0,13,0,3,2,1545.0,309,22457.819902255847,4491.563980451169,legacy,False,random,638.4563980451169,2007525802,10,21,True,289.0,-9.094947017729282e-13,6384.563980451168,joint,0.586605900010909
56.0,12,11,2,0,1590.0,318,24782.617276950965,4956.523455390194,legacy,False,random,689.3523455390193,2007525802,10,21,True,291.0,-9.094947017729282e-13,6893.523455390193,clear_enroute,1.4071955000108574
56.0,12,5,2,0,1550.0,310,24782.617276950965,4956.523455390194,legacy,False,random,684.9523455390195,2007525802,10,21,True,287.0,9.094947017729282e-13,6849.523455390195,clear_once,1.0801453000021866
72.0,16,,4,0,1270.0,254,21280.020968465036,4256.004193693008,legacy,False,random,486.25034947441736,2007525803,12,21,True,237.0,0.0,5835.004193693008,baseline,5.168368900005589
63.0,13,0,1,0,1125.0,225,20350.6409680824,4070.12819361648,legacy,False,random,455.42734946804006,2007525803,12,21,True,207.0,9.094947017729282e-13,5465.1281936164805,joint,0.803887299989583
66.0,14,11,2,0,1295.0,259,20406.695523308936,4081.33910466179,legacy,False,random,473.52825872181575,2007525803,12,21,True,240.0,-9.094947017729282e-13,5682.339104661789,clear_enroute,1.7473755999963032
69.0,15,8,3,1,1260.0,252,20444.39687665705,4088.8793753314117,legacy,False,random,471.15661461095095,2007525803,12,21,True,236.0,0.0,5653.879375331411,clear_once,1.3427183000021614
92.0,20,,4,0,710.0,142,18101.73121843758,3620.346243687515,legacy,False,random,284.58414023046976,2007525804,16,16,True,131.0,9.094947017729282e-13,4553.346243687516,baseline,7.854340600009891
95.0,21,0,5,1,650.0,130,16713.43854378168,3342.6877087563366,legacy,False,random,262.792981797271,2007525804,16,9,True,117.0,-9.094947017729282e-13,4204.687708756336,joint,4.1047423999989405
416.0,128,8,112,2,795.0,159,20705.178402297533,4141.035680459506,legacy,False,random,343.3147300287193,2007525804,16,10,True,141.0,2.7284841053187847e-12,5493.0356804595085,clear_enroute,2.84119940000528
419.0,129,5,113,2,750.0,150,20756.628163353187,4151.325632670637,legacy,False,random,340.7703520419149,2007525804,16,10,True,132.0,1.8189894035458565e-12,5452.325632670639,clear_once,1.9921586000127718
95.0,21,,5,1,815.0,163,20394.642957661414,4078.928591532283,legacy,False,random,320.99553697076766,2007525805,16,15,True,147.0,-9.094947017729282e-13,5135.928591532283,baseline,6.179014299996197
95.0,21,0,5,1,880.0,176,20391.76593486868,4078.3531869737367,legacy,False,random,325.6470741858585,2007525805,16,15,True,157.0,0.0,5210.353186973736,joint,1.0026394000014989
98.0,22,8,6,1,930.0,186,20216.574779730967,4043.3149559461917,legacy,False,random,327.7071847466371,2007525805,16,15,True,172.0,1.8189894035458565e-12,5243.314955946194,clear_enroute,2.09342230000766
98.0,22,7,6,1,930.0,186,20365.925417108825,4073.185083421764,legacy,False,random,329.3865677138603,2007525805,16,15,True,169.0,9.094947017729282e-13,5270.185083421765,clear_once,2.0943448999896646
63.0,13,,1,0,1300.0,260,20928.3204459469,4185.66408918938,legacy,False,random,482.3053407657817,2007525806,12,21,True,239.0,0.0,5787.66408918938,baseline,3.999447299996973
66.0,14,0,2,0,1280.0,256,22585.540512698404,4517.108102539682,legacy,False,random,508.3423418783068,2007525806,12,21,True,237.0,0.0,6100.108102539682,joint,0.7687025999912294
60.0,12,12,0,0,1340.0,268,23055.492195256822,4611.098439051364,legacy,False,random,521.7582032542804,2007525806,12,21,True,250.0,9.094947017729282e-13,6261.098439051365,clear_enroute,1.7789882000070065
60.0,12,5,0,0,1295.0,259,22496.691820806598,4499.33836416132,legacy,False,random,508.19486368011,2007525806,12,21,True,244.0,0.0,6098.33836416132,clear_once,1.3336729000002379
83.0,17,,1,0,930.0,186,24553.077951907668,4910.615590381534,legacy,False,random,380.41347439884584,2007525807,16,18,True,163.0,-9.094947017729282e-13,6086.615590381533,baseline,4.968861700006528
86.0,18,0,2,0,1065.0,213,24103.057811745595,4820.61156234912,legacy,False,random,385.28822264682,2007525807,16,19,True,193.0,0.0,6164.61156234912,joint,1.0515218999935314
89.0,19,16,3,0,1140.0,228,21604.706630185905,4320.94132603718,legacy,False,random,359.8713328773239,2007525807,16,17,True,208.0,1.8189894035458565e-12,5757.941326037182,clear_enroute,2.155012999995961
89.0,19,10,3,1,1110.0,222,22429.021670906568,4485.804334181313,legacy,False,random,367.86277088633216,2007525807,16,17,True,201.0,1.8189894035458565e-12,5885.8043341813145,clear_once,1.7238829999987502
71.0,15,,2,0,1225.0,245,22750.708183800376,4550.141636760076,legacy,False,random,467.08781821231355,2007525808,13,21,True,226.0,0.0,6072.141636760076,baseline,5.460567799993441
77.0,17,0,4,1,1300.0,260,24115.145263204126,4823.029052640825,legacy,False,random,495.30992712621725,2007525808,13,21,True,239.0,-9.094947017729282e-13,6439.029052640824,joint,0.6884761999972397
74.0,16,14,3,0,1415.0,283,24567.618015895638,4913.523603179126,legacy,False,random,512.7325848599328,2007525808,13,21,True,263.0,0.0,6665.523603179126,clear_enroute,1.648134899995057
71.0,15,9,2,0,1390.0,278,24623.009179805962,4924.601835961192,legacy,False,random,511.0462950739378,2007525808,13,21,True,258.0,0.0,6643.601835961192,clear_once,1.4009646000049543
64.0,14,,3,1,1310.0,262,20252.734555237606,4050.5469110475215,legacy,False,random,515.2315373679565,2007525809,11,21,True,243.0,0.0,5667.5469110475215,baseline,3.931773799995426
67.0,15,0,4,1,1380.0,276,22292.421170568596,4458.484234113719,legacy,False,random,560.2258394648835,2007525809,11,21,True,257.0,0.0,6162.484234113719,joint,0.6976048999931663
58.0,12,5,1,0,1375.0,275,20469.936561592047,4093.9873123184093,legacy,False,random,525.8170283925828,2007525809,11,21,True,257.0,0.0,5783.98731231841,clear_enroute,1.0270181999949273
58.0,12,5,1,0,1375.0,275,20469.936561592047,4093.9873123184093,legacy,False,random,525.8170283925828,2007525809,11,21,True,257.0,0.0,5783.98731231841,clear_once,1.03195190000406
50.0,10,,0,0,1405.0,281,23688.243389806677,4737.648677961337,legacy,False,random,645.2648677961336,2007525810,10,21,True,260.0,-9.094947017729282e-13,6452.648677961336,baseline,4.08188379999774
50.0,10,0,0,0,1420.0,284,23691.558094094744,4738.31161881895,legacy,False,random,647.2311618818951,2007525810,10,21,True,264.0,9.094947017729282e-13,6472.311618818951,joint,0.6872846999904141
50.0,10,11,0,0,1460.0,292,23318.65894096271,4663.731788192543,legacy,False,random,644.2731788192542,2007525810,10,21,True,269.0,-9.094947017729282e-13,6442.731788192542,clear_enroute,1.1577539999998407
50.0,10,7,0,0,1440.0,288,23318.65894096271,4663.731788192543,legacy,False,random,642.2731788192542,2007525810,10,21,True,269.0,-9.094947017729282e-13,6422.731788192542,clear_once,0.9231417000119109
76.0,16,,2,0,1160.0,232,21726.29931913598,4345.259863827195,legacy,False,random,413.87570455908525,2007525811,14,21,True,213.0,-9.094947017729282e-13,5794.259863827194,baseline,4.918546400003834
82.0,18,0,4,0,1195.0,239,22188.91267936423,4437.782535872847,legacy,False,random,424.0558954194889,2007525811,14,21,True,222.0,-2.7284841053187847e-12,5936.782535872844,joint,0.6972061000124086
76.0,16,10,2,0,1200.0,240,22116.54964396577,4423.309928793154,legacy,False,random,422.95070919951087,2007525811,14,21,True,222.0,-1.8189894035458565e-12,5921.309928793152,clear_enroute,1.6647500999970362
76.0,16,8,2,0,1220.0,244,22115.133535098827,4423.026707019765,legacy,False,random,424.7876219299831,2007525811,14,21,True,228.0,-1.8189894035458565e-12,5947.026707019763,clear_once,1.5574680999998236
50.0,10,,0,0,1345.0,269,20638.322721893986,4127.664544378797,legacy,False,random,577.0664544378797,2007525812,10,21,True,248.0,0.0,5770.664544378797,baseline,3.2441321999940556
50.0,10,0,0,0,1365.0,273,20843.943392225923,4168.788678445184,legacy,False,random,583.7788678445183,2007525812,10,21,True,254.0,-9.094947017729282e-13,5837.788678445183,joint,0.6842561999947065
50.0,10,7,0,0,1435.0,287,20857.05694460813,4171.411388921626,legacy,False,random,592.2411388921626,2007525812,10,21,True,266.0,-9.094947017729282e-13,5922.411388921625,clear_enroute,1.1238289999892004
53.0,11,5,1,0,1405.0,281,20444.589716048617,4088.917943209724,legacy,False,random,580.5917943209722,2007525812,10,21,True,259.0,-1.8189894035458565e-12,5805.917943209723,clear_once,0.9545896999916295
79.0,17,,3,0,1175.0,235,24592.645195538997,4918.529039107798,legacy,False,random,456.6092170791285,2007525813,14,21,True,220.0,9.094947017729282e-13,6392.529039107799,baseline,4.343016899991198
82.0,18,0,4,0,1090.0,218,24517.31400001574,4903.462800003147,legacy,False,random,448.3902000002248,2007525813,14,21,True,202.0,0.0,6277.462800003147,joint,0.965822099999059
82.0,18,10,4,0,1235.0,247,21787.35501652928,4357.471003305857,legacy,False,random,421.7479288075613,2007525813,14,21,True,230.0,9.094947017729282e-13,5904.471003305858,clear_enroute,1.3102942999976221
79.0,17,9,3,0,1230.0,246,21784.440849280963,4356.888169856194,legacy,False,random,421.0634407040139,2007525813,14,21,True,229.0,9.094947017729282e-13,5894.8881698561945,clear_once,1.2385737000004156
78.0,18,,6,1,1165.0,233,25704.365331883924,5140.8730663767865,legacy,False,random,549.906088864732,2007525814,12,21,True,215.0,-1.8189894035458565e-12,6598.873066376785,baseline,4.796068100011325
99.0,25,0,13,3,1425.0,285,22989.86773570702,4597.973547141402,legacy,False,random,532.5811289284503,2007525814,12,21,True,269.0,9.094947017729282e-13,6390.973547141403,joint,0.7195646000036504
72.0,16,9,4,1,1440.0,288,22064.06280043547,4412.812560087095,legacy,False,random,515.9843800072575,2007525814,12,21,True,267.0,-4.547473508864641e-12,6191.812560087091,clear_enroute,1.3690380999905756
66.0,14,8,2,0,1435.0,287,22151.725952886994,4430.345190577399,legacy,False,random,516.5287658814497,2007525814,12,21,True,267.0,-3.637978807091713e-12,6198.345190577395,clear_once,1.2915772999986075
62.0,14,,4,1,1405.0,281,20055.118118923667,4011.0236237847325,legacy,False,random,574.0023623784732,2007525815,10,21,True,262.0,-9.094947017729282e-13,5740.023623784732,baseline,3.6704306000028737
50.0,10,0,0,0,1410.0,282,19901.06740889349,3980.213481778697,legacy,False,random,570.1213481778698,2007525815,10,21,True,261.0,0.0,5701.213481778697,joint,0.5924142000003485
50.0,10,8,0,0,1440.0,288,19876.25231941368,3975.2504638827377,legacy,False,random,573.1250463882736,2007525815,10,21,True,266.0,-1.8189894035458565e-12,5731.250463882736,clear_enroute,1.0816892000002554
50.0,10,5,0,0,1430.0,286,19891.75655538744,3978.3513110774875,legacy,False,random,572.2351311077488,2007525815,10,21,True,264.0,0.0,5722.3513110774875,clear_once,0.8923515999922529
86.0,20,,7,1,1190.0,238,22632.243890699352,4526.44877813987,legacy,False,random,463.26529062614395,2007525816,13,21,True,220.0,9.094947017729282e-13,6022.448778139871,baseline,4.912031800005934
74.0,16,0,3,0,1195.0,239,21775.418500351,4355.083700070199,legacy,False,random,449.621823082323,2007525816,13,21,True,221.0,0.0,5845.083700070199,joint,0.9643929000012577
83.0,19,12,6,2,1295.0,259,20970.75707113595,4194.151414227191,legacy,False,random,447.0885703251686,2007525816,13,21,True,240.0,9.094947017729282e-13,5812.151414227192,clear_enroute,2.1809348999959184
77.0,17,7,4,1,1250.0,250,20932.559765469996,4186.511953094,legacy,False,random,441.9624579303077,2007525816,13,21,True,232.0,0.0,5745.511953094,clear_once,1.857479999991483
65.0,13,,0,0,1045.0,209,20928.47105081355,4185.69421016271,legacy,False,random,421.97647770482376,2007525817,13,21,True,190.0,-9.094947017729282e-13,5485.694210162709,baseline,5.733323399996152
65.0,13,0,0,0,1120.0,224,20756.94576177294,4151.389152354589,legacy,False,random,426.183780950353,2007525817,13,21,True,204.0,0.0,5540.389152354589,joint,0.8708688000042457
68.0,14,13,1,0,1205.0,241,20725.057811705647,4145.011562341128,legacy,False,random,433.61627402624066,2007525817,13,21,True,219.0,0.0,5637.011562341128,clear_enroute,1.886136599991005
68.0,14,6,1,0,1140.0,228,20715.080362150253,4143.01607243005,legacy,False,random,427.69354403308085,2007525817,13,21,True,209.0,9.094947017729282e-13,5560.016072430051,clear_once,1.5025508999970043
80.0,18,,5,0,1155.0,231,21845.35353588538,4369.070707177075,legacy,False,random,447.5439005520826,2007525818,13,21,True,214.0,-9.094947017729282e-13,5818.070707177074,baseline,6.0887833000015235
77.0,17,0,4,0,1170.0,234,19704.05478587238,3940.8109571744762,legacy,False,random,415.8316120903441,2007525818,13,21,True,218.0,-2.7284841053187847e-12,5405.8109571744735,joint,0.8235798999958206
77.0,17,13,4,0,1250.0,250,22210.33356581204,4442.066713162408,legacy,False,random,461.5435933201852,2007525818,13,21,True,231.0,0.0,6000.066713162408,clear_enroute,2.0235264000075404
77.0,17,8,4,0,1235.0,247,21598.946308644452,4319.789261728889,legacy,False,random,451.13763551760684,2007525818,13,21,True,233.0,0.0,5864.789261728889,clear_once,1.4966746999998577
58.0,12,,1,0,1315.0,263,22515.26615364661,4503.0532307293215,legacy,False,random,556.2775664299382,2007525819,11,21,True,243.0,-9.094947017729282e-13,6119.053230729321,baseline,3.906070400000317
64.0,14,0,3,0,1350.0,270,22008.215844897484,4401.643168979496,legacy,False,random,551.6948335435904,2007525819,11,21,True,253.0,-9.094947017729282e-13,6068.643168979495,joint,0.6662306999933207
61.0,13,12,2,0,1415.0,283,21319.53050157593,4263.9061003151855,legacy,False,random,545.8096454831988,2007525819,11,21,True,264.0,9.094947017729282e-13,6003.906100315186,clear_enroute,1.494535599995288
61.0,13,7,2,0,1385.0,277,21294.512386114686,4258.902477222938,legacy,False,random,542.0820433839034,2007525819,11,21,True,258.0,0.0,5962.902477222938,clear_once,1.1958319000113988
78.0,16,,1,0,950.0,190,25132.44078293036,5026.488156586071,legacy,False,random,415.09921043907144,2007525820,15,21,True,172.0,0.0,6226.488156586071,baseline,6.125454599998193
78.0,16,0,1,0,1045.0,209,24227.150708135232,4845.430141627046,legacy,False,random,410.49534277513635,2007525820,15,21,True,189.0,-9.094947017729282e-13,6157.4301416270455,joint,1.287433300007251
87.0,19,11,4,1,1095.0,219,21860.168646205217,4372.033729241042,legacy,False,random,383.2689152827361,2007525820,15,21,True,195.0,-9.094947017729282e-13,5749.033729241041,clear_enroute,2.1327692000049865
84.0,18,7,3,1,1050.0,210,22105.155425553425,4421.031085110683,legacy,False,random,382.73540567404547,2007525820,15,21,True,186.0,-9.094947017729282e-13,5741.031085110682,clear_once,1.787297100003343
71.0,15,,2,0,1085.0,217,20733.969759974178,4146.793951994835,legacy,False,random,423.137996307295,2007525821,13,21,True,198.0,0.0,5500.793951994835,baseline,5.158566600002814
77.0,17,0,4,0,1055.0,211,20856.518102040744,4171.303620408148,legacy,False,random,422.71566310831906,2007525821,13,21,True,192.0,0.0,5495.303620408148,joint,1.0272772000025725
86.0,20,8,7,1,1110.0,222,20944.79784241256,4188.959568482512,legacy,False,random,429.9968898832702,2007525821,13,21,True,205.0,9.094947017729282e-13,5589.959568482513,clear_enroute,1.918991200000164
83.0,19,6,6,1,1085.0,217,20902.77500023138,4180.5550000462745,legacy,False,random,426.5811538497136,2007525821,13,21,True,197.0,1.8189894035458565e-12,5545.555000046276,clear_once,1.4760437999939313
101.0,23,,7,2,1010.0,202,23029.98875169409,4605.997750338817,legacy,False,random,368.81235939617613,2007525822,16,20,True,184.0,9.094947017729282e-13,5900.997750338818,baseline,6.207720999998855
92.0,20,0,4,1,960.0,192,21479.7266301841,4295.945326036819,legacy,False,random,344.99658287730125,2007525822,16,18,True,172.0,9.094947017729282e-13,5519.94532603682,joint,0.9691904000064824
89.0,19,14,3,2,1015.0,203,21187.885401860218,4237.577080372045,legacy,False,random,345.2235675232529,2007525822,16,18,True,182.0,9.094947017729282e-13,5523.577080372046,clear_enroute,2.0640742000105092
86.0,18,9,2,1,1000.0,200,21363.2096177858,4272.641923557161,legacy,False,random,346.1651202223227,2007525822,16,18,True,180.0,1.8189894035458565e-12,5538.641923557163,clear_once,1.785208600005717
100.0,24,,10,1,985.0,197,23762.77622449555,4752.55524489911,legacy,False,random,429.75394606422213,2007525823,14,21,True,179.0,0.0,6016.55524489911,baseline,4.972606099996483
100.0,24,0,10,1,1040.0,208,23769.06618564211,4753.813237128422,legacy,False,random,434.48665979488726,2007525823,14,21,True,189.0,0.0,6082.813237128422,joint,0.8296853000065312
106.0,26,13,12,3,1190.0,238,25492.7399666111,5098.5479933222205,legacy,False,random,472.32485666587297,2007525823,14,21,True,218.0,9.094947017729282e-13,6612.547993322221,clear_enroute,2.312896899995394
82.0,18,8,4,1,1120.0,224,23538.985531258255,4707.797106251649,legacy,False,random,436.914079017975,2007525823,14,21,True,207.0,9.094947017729282e-13,6116.79710625165,clear_once,1.8953199999959907
104.0,24,,8,2,855.0,171,22118.198411670215,4423.639682334043,legacy,False,random,346.22748014587773,2007525824,16,15,True,157.0,9.094947017729282e-13,5539.639682334044,baseline,6.982499599995208
89.0,19,0,3,0,985.0,197,24532.486493100387,4906.497298620076,legacy,False,random,384.9685811637548,2007525824,16,20,True,179.0,0.0,6159.497298620076,joint,0.7224003000010271
89.0,19,13,3,0,950.0,190,19283.650587479504,3856.7301174959007,legacy,False,random,316.9831323434937,2007525824,16,16,True,176.0,-1.8189894035458565e-12,5071.730117495899,clear_enroute,1.8569841999997152
86.0,18,9,2,0,935.0,187,20025.793770873843,4005.158754174769,legacy,False,random,324.8849221359231,2007525824,16,16,True,172.0,9.094947017729282e-13,5198.1587541747695,clear_once,1.6237652999989223
89.0,19,,3,0,780.0,156,21220.799320098777,4244.159864019754,legacy,False,random,328.25999150123465,2007525825,16,17,True,139.0,0.0,5252.159864019754,baseline,10.296469399996568
80.0,16,0,0,0,745.0,149,17241.25996308845,3448.2519926176906,legacy,False,random,275.26574953860575,2007525825,16,15,True,131.0,1.8189894035458565e-12,4404.251992617692,joint,1.1050975999969523
89.0,19,10,3,1,615.0,123,17188.178712829394,3437.63574256588,legacy,False,random,265.78973391036754,2007525825,16,10,True,111.0,9.094947017729282e-13,4252.635742565881,clear_enroute,2.2221687999990536
89.0,19,6,3,1,595.0,119,17172.272959575286,3434.454591915058,legacy,False,random,264.15341199469117,2007525825,16,10,True,108.0,9.094947017729282e-13,4226.454591915059,clear_once,2.070814099992276
78.0,16,,1,0,1140.0,228,24141.4050463117,4828.28100926234,legacy,False,random,416.9520672841558,2007525826,15,21,True,208.0,-2.7284841053187847e-12,6254.281009262338,baseline,7.181982900001458
78.0,16,0,1,0,1010.0,202,22691.76521648856,4538.353043297712,legacy,False,random,387.42353621984745,2007525826,15,21,True,185.0,-9.094947017729282e-13,5811.353043297711,joint,1.0634427999902982
90.0,20,16,5,1,1120.0,224,22103.46120821608,4420.692241643217,legacy,False,random,389.246149442881,2007525826,15,21,True,208.0,-1.8189894035458565e-12,5838.692241643215,clear_enroute,3.536343500003568
81.0,17,10,2,0,1045.0,209,21916.015508582594,4383.20310171652,legacy,False,random,379.946873447768,2007525826,15,21,True,190.0,0.0,5699.20310171652,clear_once,2.7387142999941716
66.0,14,,2,0,1290.0,258,23954.14256241877,4790.828512483753,legacy,False,random,532.3190427069794,2007525827,12,21,True,241.0,0.0,6387.828512483753,baseline,4.034628300010809
66.0,14,0,2,0,1255.0,251,22640.44489956323,4528.088979912644,legacy,False,random,506.7574149927204,2007525827,12,21,True,232.0,0.0,6081.088979912644,joint,0.817956700004288
60.0,12,12,0,0,1315.0,263,22510.877454289966,4502.175490857992,legacy,False,random,509.9312909048326,2007525827,12,21,True,242.0,-9.094947017729282e-13,6119.1754908579915,clear_enroute,1.7195741000032285
60.0,12,7,0,0,1270.0,254,22502.900974557506,4500.580194911501,legacy,False,random,505.2150162426251,2007525827,12,21,True,232.0,0.0,6062.580194911501,clear_once,1.303651499998523
81.0,17,,2,0,975.0,195,21561.804225938602,4312.360845187723,legacy,False,random,369.75738967918153,2007525828,15,21,True,178.0,0.0,5546.360845187723,baseline,6.684459399999469
90.0,20,0,5,1,1125.0,225,22403.984265547682,4480.796853109537,legacy,False,random,393.58645687396904,2007525828,15,21,True,208.0,-9.094947017729282e-13,5903.796853109536,joint,1.2363815999997314
84.0,18,12,3,1,1205.0,241,22222.916325986545,4444.58326519731,legacy,False,random,397.2388843464874,2007525828,15,21,True,225.0,9.094947017729282e-13,5958.5832651973105,clear_enroute,2.3863838000106625
81.0,17,9,2,1,1175.0,235,22223.44593010856,4444.689186021711,legacy,False,random,394.57927906811426,2007525828,15,21,True,218.0,2.7284841053187847e-12,5918.689186021714,clear_once,1.8798247999948217
83.0,19,,6,1,1145.0,229,20398.42231684811,4079.684463369621,legacy,False,random,424.5911125668939,2007525829,13,21,True,212.0,0.0,5519.684463369621,baseline,5.359727400005795
71.0,15,0,2,0,1190.0,238,20261.941376265902,4052.3882752531795,legacy,False,random,425.4144827117831,2007525829,13,21,True,217.0,9.094947017729282e-13,5530.38827525318,joint,0.8221999000088545
74.0,16,6,3,0,1215.0,243,20174.48908868906,4034.897817737813,legacy,False,random,426.8382936721394,2007525829,13,21,True,225.0,-9.094947017729282e-13,5548.897817737812,clear_enroute,1.4499729000090156
74.0,16,6,3,0,1215.0,243,20174.48908868906,4034.897817737813,legacy,False,random,426.8382936721394,2007525829,13,21,True,225.0,-9.094947017729282e-13,5548.897817737812,clear_once,1.5008463999984087
85.0,19,,5,1,915.0,183,21930.626384095358,4386.125276819071,legacy,False,random,396.5089483442194,2007525830,14,21,True,165.0,9.094947017729282e-13,5551.125276819072,baseline,6.687512600008631
73.0,15,0,1,0,925.0,185,21063.04357509532,4212.608715019063,legacy,False,random,383.9720510727903,2007525830,14,21,True,165.0,9.094947017729282e-13,5375.608715019064,joint,0.9455420000012964
79.0,17,7,3,0,975.0,195,20693.120202209662,4138.624040441932,legacy,False,random,383.2588600315666,2007525830,14,21,True,173.0,0.0,5365.624040441932,clear_enroute,1.6178295999998227
79.0,17,6,3,0,975.0,195,20707.053010588985,4141.410602117797,legacy,False,random,383.4579001512712,2007525830,14,21,True,173.0,0.0,5368.410602117797,clear_once,1.6757759000029182
81.0,17,,2,1,1205.0,241,25146.37430391295,5029.2748607825915,legacy,False,random,435.81832405217267,2007525831,15,21,True,222.0,-1.8189894035458565e-12,6537.27486078259,baseline,4.63752220000606
78.0,16,0,1,0,1225.0,245,21703.372071809797,4340.674414361959,legacy,False,random,391.5116276241307,2007525831,15,21,True,229.0,1.8189894035458565e-12,5872.674414361961,joint,0.9657342999998946
78.0,16,14,1,0,1280.0,256,21374.387469550078,4274.877493910017,legacy,False,random,391.2584995940012,2007525831,15,21,True,236.0,9.094947017729282e-13,5868.877493910018,clear_enroute,2.2521420999983093
84.0,18,9,3,0,1290.0,258,21539.734490837694,4307.946898167539,legacy,False,random,394.72979321116935,2007525831,15,21,True,239.0,9.094947017729282e-13,5920.94689816754,clear_once,1.6140730999904918
76.0,18,,7,1,1310.0,262,20868.795789461477,4173.759157892295,legacy,False,random,527.7053779902086,2007525832,11,21,True,245.0,0.0,5804.759157892295,baseline,5.2567482000013115
76.0,18,0,7,1,1330.0,266,20868.795789461477,4173.759157892295,legacy,False,random,529.8871961720268,2007525832,11,21,True,249.0,0.0,5828.759157892295,joint,0.7386322999955155
70.0,16,8,5,1,1450.0,290,20455.355711418622,4091.0711422837253,legacy,False,random,535.1882856621569,2007525832,11,21,True,276.0,9.094947017729282e-13,5887.071142283726,clear_enroute,1.222612699988531
70.0,16,7,5,1,1440.0,288,20450.766272229135,4090.153254445828,legacy,False,random,534.0139322223481,2007525832,11,21,True,274.0,9.094947017729282e-13,5874.153254445829,clear_once,1.0924655999988317
82.0,18,,4,2,1120.0,224,22274.02232215502,4454.804464431002,legacy,False,random,418.84317603078586,2007525833,14,21,True,207.0,0.0,5863.804464431002,baseline,6.027887400006875
82.0,18,0,4,2,1165.0,233,22265.689119074465,4453.137823814892,legacy,False,random,422.50984455820657,2007525833,14,21,True,215.0,0.0,5915.137823814892,joint,0.8373064000043087
88.0,20,12,6,1,1160.0,232,21090.419915852537,4218.083983170508,legacy,False,random,405.86314165503615,2007525833,14,21,True,216.0,-1.8189894035458565e-12,5682.083983170506,clear_enroute,1.9193940000113798
88.0,20,8,6,1,1140.0,228,21056.10719997644,4211.221439995286,legacy,False,random,403.6586742853776,2007525833,14,21,True,212.0,0.0,5651.221439995286,clear_once,1.828175899994676
74.0,16,,3,0,1155.0,231,21209.223933492915,4241.844786698581,legacy,False,random,437.3726758998909,2007525834,13,21,True,215.0,9.094947017729282e-13,5685.844786698582,baseline,6.240084999997634
74.0,16,0,3,0,1190.0,238,20530.25733137808,4106.051466275615,legacy,False,random,430.15780509812424,2007525834,13,21,True,222.0,0.0,5592.051466275615,joint,0.7843209999991814
74.0,16,12,3,0,1260.0,252,20070.72679895858,4014.1453597917166,legacy,False,random,429.395796907055,2007525834,13,21,True,234.0,-1.8189894035458565e-12,5582.145359791715,clear_enroute,1.7703420000034384
71.0,15,10,2,0,1245.0,249,20478.38418011548,4095.6768360230967,legacy,False,random,434.05206430946896,2007525834,13,21,True,231.0,0.0,5642.676836023096,clear_once,1.6965322000032756
68.0,14,,1,0,1070.0,214,20258.0420030966,4051.6084006193187,legacy,False,random,414.20064620148617,2007525835,13,21,True,195.0,1.8189894035458565e-12,5384.6084006193205,baseline,7.280928100008168
68.0,14,0,1,0,1095.0,219,20265.128272866412,4053.025654573281,legacy,False,random,416.69428112102173,2007525835,13,21,True,201.0,1.8189894035458565e-12,5417.025654573283,joint,0.8598452000005636
77.0,17,13,4,1,1220.0,244,20277.977731905863,4055.595546381173,legacy,False,random,429.0458112600903,2007525835,13,21,True,225.0,9.094947017729282e-13,5577.595546381174,clear_enroute,2.1071997999970336
74.0,16,8,3,1,1170.0,234,20275.19478352041,4055.0389567040825,legacy,False,random,424.3106889772372,2007525835,13,21,True,217.0,1.8189894035458565e-12,5516.038956704084,clear_once,1.686395500000799
89.0,21,,8,2,1195.0,239,24819.998630856182,4963.999726171235,legacy,False,random,497.69228662855664,2007525836,13,21,True,222.0,9.094947017729282e-13,6469.999726171236,baseline,6.533052900005714
68.0,14,0,1,0,1305.0,261,23634.24742980612,4726.849485961225,legacy,False,random,487.83457584317114,2007525836,13,21,True,242.0,0.0,6341.849485961225,joint,1.269728600003873
65.0,13,14,0,0,1460.0,292,22678.545985754485,4535.709197150898,legacy,False,random,486.9007074731459,2007525836,13,21,True,269.0,-9.094947017729282e-13,6329.709197150897,clear_enroute,2.3186164000071585
68.0,14,8,1,0,1405.0,281,23595.15333862281,4719.030667724564,legacy,False,random,496.46389751727406,2007525836,13,21,True,262.0,-1.8189894035458565e-12,6454.030667724563,clear_once,1.8883510000014212
78.0,16,,1,0,1215.0,243,24003.9324392447,4800.786487848939,legacy,False,random,421.385765856596,2007525837,15,21,True,227.0,9.094947017729282e-13,6320.78648784894,baseline,4.17023179998796
75.0,15,0,0,0,1235.0,247,22946.613406946224,4589.322681389244,legacy,False,random,408.48817875928285,2007525837,15,21,True,228.0,-1.8189894035458565e-12,6127.3226813892425,joint,0.8379529000085313
78.0,16,15,1,0,1360.0,272,23018.543523071337,4603.708704614266,legacy,False,random,419.84724697428436,2007525837,15,21,True,256.0,-9.094947017729282e-13,6297.708704614265,clear_enroute,2.0357748000096763
75.0,15,9,0,0,1310.0,262,22942.710094310783,4588.5420188621565,legacy,False,random,414.70280125747706,2007525837,15,21,True,247.0,-9.094947017729282e-13,6220.542018862156,clear_once,1.7388581999985036
73.0,15,,1,0,1110.0,222,22125.210190124428,4425.042038024885,legacy,False,random,415.0744312874918,2007525838,14,21,True,203.0,0.0,5811.042038024885,baseline,4.3781738000107
76.0,16,0,2,0,1160.0,232,22141.251728749492,4428.250345749898,legacy,False,random,419.7321675535641,2007525838,14,21,True,212.0,0.0,5876.250345749898,joint,0.6548906000098214
91.0,21,14,7,1,1250.0,250,22142.574550550078,4428.514910110016,legacy,False,random,428.465350722144,2007525838,14,21,True,229.0,0.0,5998.514910110016,clear_enroute,1.6287923000054434
79.0,17,9,3,0,1220.0,244,22033.36362377263,4406.672724754527,legacy,False,random,423.6909089110376,2007525838,14,21,True,226.0,-9.094947017729282e-13,5931.672724754526,clear_once,1.4665710999979638
58.0,12,,1,0,1470.0,294,26109.529800993576,5221.905960198715,legacy,False,random,638.3550872907922,2007525839,11,21,True,272.0,-9.094947017729282e-13,7021.905960198714,baseline,3.7536034999939147
61.0,13,0,2,1,1450.0,290,25576.44633413804,5115.289266827608,legacy,False,random,627.117206075237,2007525839,11,21,True,272.0,0.0,6898.289266827608,joint,0.610061899991706
70.0,16,12,5,1,1570.0,314,22595.56385604659,4519.112771209317,legacy,False,random,586.6466155644833,2007525839,11,21,True,294.0,0.0,6453.112771209317,clear_enroute,1.6091585000103805
61.0,13,6,2,0,1530.0,306,22512.96955969232,4502.593911938462,legacy,False,random,580.0539919944056,2007525839,11,21,True,287.0,-9.094947017729282e-13,6380.593911938461,clear_once,1.3188398999918718
204.0,60,,48,1,1410.0,282,28071.050005048313,5614.210001009665,legacy,False,random,624.100833417472,2007525840,12,21,True,261.0,0.0,7489.210001009665,baseline,3.818599699996412
210.0,62,0,50,1,1290.0,258,27269.789494203782,5453.957898840757,legacy,False,random,599.4131582367298,2007525840,12,21,True,239.0,1.8189894035458565e-12,7192.957898840758,joint,0.6071907000005012
390.0,122,14,110,2,1405.0,281,27692.560010659185,5538.512002131835,legacy,False,random,632.7093335109862,2007525840,12,21,True,259.0,-9.094947017729282e-13,7592.512002131834,clear_enroute,1.7221375000081025
390.0,122,8,110,2,1360.0,272,27635.788252770242,5527.157650554046,legacy,False,random,627.5131375461706,2007525840,12,21,True,253.0,9.094947017729282e-13,7530.157650554047,clear_once,1.39965530000336
79.0,17,,3,1,1170.0,234,24198.08815970089,4839.617631940177,legacy,False,random,450.25840228144114,2007525841,14,21,True,215.0,-9.094947017729282e-13,6303.617631940176,baseline,5.161711999986437
79.0,17,0,3,2,1225.0,245,22982.788037881277,4596.557607576255,legacy,False,random,437.46840054116103,2007525841,14,21,True,224.0,0.0,6124.557607576255,joint,0.8854680000076769
88.0,20,16,6,2,1300.0,260,22166.62928080912,4433.325856161822,legacy,False,random,432.8089897258443,2007525841,14,21,True,238.0,-1.8189894035458565e-12,6059.32585616182,clear_enroute,1.9780037999880733
85.0,19,11,5,2,1275.0,255,22136.428987651863,4427.2857975303705,legacy,False,random,430.1632712521693,2007525841,14,21,True,235.0,0.0,6022.2857975303705,clear_once,1.6116081000072882
63.0,13,,1,0,1245.0,249,25952.461392328285,5190.4922784656555,legacy,False,random,560.7076898721381,2007525842,12,21,True,230.0,1.8189894035458565e-12,6728.492278465657,baseline,4.669897399988258
69.0,15,0,3,1,1195.0,239,24060.114337323444,4812.02286746469,legacy,False,random,524.5019056220576,2007525842,12,21,True,218.0,1.8189894035458565e-12,6294.022867464691,joint,0.958330900000874
69.0,15,7,3,1,1255.0,251,24128.96136067248,4825.792272134497,legacy,False,random,531.9826893445414,2007525842,12,21,True,234.0,0.0,6383.792272134497,clear_enroute,1.574340699997265
69.0,15,6,3,1,1245.0,249,24143.973793790552,4828.794758758111,legacy,False,random,531.1495632298426,2007525842,12,21,True,231.0,0.0,6373.794758758111,clear_once,1.2730625999975018
90.0,20,15,5,1,1240.0,248,22900.27578593764,4580.055157187528,legacy,False,random,409.00367714583524,2007525743,15,21,True,225.0,9.094947017729282e-13,6135.0551571875285,neighborhood,2.2444225999934133
93.0,21,0,6,1,1175.0,235,24119.17861488795,4823.83572297759,legacy,False,random,420.72238153183935,2007525743,15,21,True,219.0,0.0,6310.83572297759,neighborhood_joint,1.0263271000003442
59.0,13,8,3,0,1515.0,303,20285.89904360575,4057.1798087211496,legacy,False,random,591.9179808721151,2007525744,10,21,True,288.0,9.094947017729282e-13,5919.179808721151,neighborhood,1.172135500004515
53.0,11,0,1,0,1475.0,295,20762.70737387694,4152.541474775389,legacy,False,random,595.5541474775388,2007525744,10,21,True,275.0,-1.8189894035458565e-12,5955.5414747753875,neighborhood_joint,0.9659692999994149
62.0,14,8,4,1,1380.0,276,20624.62343782659,4124.924687565318,legacy,False,random,582.7924687565318,2007525745,10,21,True,261.0,0.0,5827.924687565318,neighborhood,1.6378326999983983
53.0,11,0,1,0,1285.0,257,20415.80715283188,4083.1614305663747,legacy,False,random,566.1161430566374,2007525745,10,21,True,240.0,-9.094947017729282e-13,5661.161430566374,neighborhood_joint,0.6994625999941491
61.0,13,12,2,1,1450.0,290,22483.54017595067,4496.708035190132,legacy,False,random,570.2461850172848,2007525746,11,21,True,265.0,0.0,6272.708035190132,neighborhood,1.3874133999925107
58.0,12,0,1,1,1350.0,270,23432.49093366901,4686.498186733802,legacy,False,random,576.7725624303456,2007525746,11,21,True,250.0,0.0,6344.498186733802,neighborhood_joint,0.6435856999887619
86.0,20,11,7,2,1325.0,265,21679.21559697268,4335.843119394537,legacy,False,random,461.14177841496416,2007525747,13,21,True,248.0,-2.7284841053187847e-12,5994.843119394534,neighborhood,2.0493254000029992
80.0,18,0,5,1,1210.0,242,22847.1964762272,4569.439295245442,legacy,False,random,467.956868865034,2007525747,13,21,True,224.0,0.0,6083.439295245442,neighborhood_joint,1.0324968999921111
78.0,16,13,1,0,1080.0,216,21848.407280597356,4369.681456119472,legacy,False,random,381.64543040796485,2007525748,15,21,True,197.0,0.0,5724.681456119472,neighborhood,2.240180099994177
78.0,16,0,1,0,1025.0,205,21912.38915151619,4382.477830303239,legacy,False,random,378.2318553535491,2007525748,15,21,True,188.0,-1.8189894035458565e-12,5673.477830303237,neighborhood_joint,0.9565644999966025
62.0,14,8,4,1,1480.0,296,21970.081694342272,4394.016338868454,legacy,False,random,621.5016338868453,2007525749,10,21,True,279.0,-9.094947017729282e-13,6215.016338868453,neighborhood,1.3829565000050934
50.0,10,0,0,0,1430.0,286,22929.448728909378,4585.889745781876,legacy,False,random,632.9889745781877,2007525749,10,21,True,264.0,1.8189894035458565e-12,6329.8897457818775,neighborhood_joint,0.7666824999905657
71.0,15,14,2,0,1280.0,256,23792.367148644422,4758.473429728883,legacy,False,random,487.9594945945295,2007525750,13,21,True,234.0,0.0,6343.473429728883,neighborhood,1.8575198999897111
68.0,14,0,1,1,1205.0,241,20975.355798421548,4195.071159684308,legacy,False,random,437.8516276680236,2007525750,13,21,True,224.0,-1.8189894035458565e-12,5692.071159684307,neighborhood_joint,0.7672241000109352
93.0,21,10,6,1,1175.0,235,22211.926414431287,4442.385282886258,legacy,False,random,395.42568552575045,2007525751,15,21,True,221.0,-1.8189894035458565e-12,5931.385282886256,neighborhood,1.5509566000109771
81.0,17,0,2,0,1180.0,236,25426.166826746714,5085.2333653493415,legacy,False,random,437.3488910232894,2007525751,15,21,True,214.0,0.0,6560.2333653493415,neighborhood_joint,0.910147299990058
61.0,13,7,2,0,1325.0,265,19939.764133686025,3987.952826737205,legacy,False,random,510.9957115215641,2007525752,11,21,True,247.0,0.0,5620.952826737205,neighborhood,1.0048711999988882
58.0,12,0,1,0,1310.0,262,21779.643216072036,4355.928643214408,legacy,False,random,542.5389675649462,2007525752,11,21,True,244.0,9.094947017729282e-13,5967.928643214409,neighborhood_joint,0.6542635000078008
61.0,13,16,2,1,1565.0,313,21383.691220189092,4276.73824403782,legacy,False,random,563.6125676398019,2007525753,11,21,True,297.0,9.094947017729282e-13,6199.738244037821,neighborhood,1.4067253999965033
61.0,13,0,2,1,1315.0,263,21169.964352938063,4233.992870587614,legacy,False,random,532.3629882352376,2007525753,11,21,True,246.0,0.0,5855.992870587614,neighborhood_joint,0.6389921999943908
78.0,18,10,6,2,1265.0,253,21045.628254230138,4209.125650846027,legacy,False,random,482.34380423716897,2007525754,12,21,True,236.0,0.0,5788.125650846027,neighborhood,1.3796513999986928
81.0,19,0,7,1,1260.0,252,24451.213145435748,4890.24262908715,legacy,False,random,538.5202190905958,2007525754,12,21,True,231.0,0.0,6462.24262908715,neighborhood_joint,0.7311133000039263
71.0,15,15,2,1,1450.0,290,21351.149354933164,4270.229870986633,legacy,False,random,466.47922084512567,2007525755,13,21,True,273.0,9.094947017729282e-13,6064.229870986634,neighborhood,1.8323662000038894
71.0,15,0,2,0,1385.0,277,22051.67621890147,4410.335243780293,legacy,False,random,471.17963413694565,2007525755,13,21,True,259.0,0.0,6125.335243780293,neighborhood_joint,0.864616599996225
87.0,19,14,4,0,1150.0,230,21599.369152929925,4319.873830585983,legacy,False,random,384.32492203906565,2007525756,15,21,True,208.0,1.8189894035458565e-12,5764.873830585985,neighborhood,1.7754964999912772
84.0,18,0,3,0,1130.0,226,22899.492168092125,4579.898433618426,legacy,False,random,399.99322890789506,2007525756,15,21,True,206.0,0.0,5999.898433618426,neighborhood_joint,0.9062279999925522
61.0,13,10,2,0,1430.0,286,20945.986743650938,4189.197348730187,legacy,False,random,540.3815771572898,2007525757,11,21,True,264.0,1.8189894035458565e-12,5944.197348730188,neighborhood,1.284141099997214
61.0,13,0,2,0,1395.0,279,22286.617486307,4457.323497261401,legacy,False,random,560.9384997510363,2007525757,11,21,True,257.0,-1.8189894035458565e-12,6170.323497261399,neighborhood_joint,0.7116213000117568
87.0,19,17,4,0,1270.0,254,21884.33200607568,4376.866401215138,legacy,False,random,397.72442674767586,2007525758,15,21,True,232.0,0.0,5965.866401215138,neighborhood,2.4948530000110622
78.0,16,0,1,0,1105.0,221,21958.17435259328,4391.634870518657,legacy,False,random,385.1756580345771,2007525758,15,21,True,203.0,-9.094947017729282e-13,5777.6348705186565,neighborhood_joint,1.0308378000045195
95.0,21,7,5,0,985.0,197,20616.9946492526,4123.398929850521,legacy,False,random,336.64993311565746,2007525759,16,19,True,183.0,-1.8189894035458565e-12,5386.398929850519,neighborhood,1.672007899993332
89.0,19,0,3,0,950.0,190,20569.09019686751,4113.818039373501,legacy,False,random,332.98862746084393,2007525759,16,19,True,175.0,1.8189894035458565e-12,5327.818039373503,neighborhood_joint,1.0546867000084603
68.0,14,15,1,0,1335.0,267,22946.187561186896,4589.237512237379,legacy,False,random,480.09519324902897,2007525760,13,21,True,249.0,-1.8189894035458565e-12,6241.237512237377,neighborhood,1.7158439999911934
74.0,16,0,3,0,1265.0,253,22541.02885720369,4508.205771440738,legacy,False,random,467.70813626467213,2007525760,13,21,True,233.0,-9.094947017729282e-13,6080.205771440737,neighborhood_joint,0.7995496999938041
72.0,16,10,4,1,1315.0,263,20480.50036195816,4096.100072391631,legacy,False,random,477.00833936596933,2007525761,12,21,True,241.0,9.094947017729282e-13,5724.100072391632,neighborhood,1.6237727999978233
81.0,19,0,7,1,1230.0,246,20511.047568291535,4102.209513658307,legacy,False,random,469.9341261381922,2007525761,12,21,True,226.0,0.0,5639.209513658307,neighborhood_joint,0.9174484000104712
85.0,19,12,5,1,1095.0,219,20453.09454131437,4090.6189082628744,legacy,False,random,390.75849344734814,2007525762,14,21,True,200.0,0.0,5470.618908262874,neighborhood,2.11089520000678
79.0,17,0,3,1,1020.0,204,20909.185047125473,4181.837009425095,legacy,False,random,390.63121495893535,2007525762,14,21,True,188.0,0.0,5468.837009425095,neighborhood_joint,0.9656804999976885
66.0,14,9,2,0,1225.0,245,19649.45337108174,3929.8906742163476,legacy,False,random,454.15755618469575,2007525763,12,21,True,229.0,1.8189894035458565e-12,5449.890674216349,neighborhood,1.4035357999964617
75.0,17,0,5,1,1225.0,245,19683.091071443625,3936.6182142887246,legacy,False,random,455.05151785739366,2007525763,12,21,True,224.0,-9.094947017729282e-13,5460.618214288724,neighborhood_joint,0.777425399995991
107.0,25,11,9,2,1065.0,213,24300.92184152695,4860.184368305391,legacy,False,random,389.01152301908684,2007525764,16,18,True,192.0,-1.8189894035458565e-12,6224.184368305389,neighborhood,2.387648599993554
119.0,29,0,13,3,1050.0,210,26167.921306217682,5233.584261243536,legacy,False,random,412.161516327721,2007525764,16,19,True,192.0,0.0,6594.584261243536,neighborhood_joint,1.3424926000006963
71.0,15,9,2,0,1180.0,236,20378.654657421124,4075.7309314842264,legacy,False,random,426.6716101141711,2007525765,13,21,True,220.0,-1.8189894035458565e-12,5546.730931484224,neighborhood,1.2283172999887029
71.0,15,0,2,1,1120.0,224,23504.604980465272,4700.920996093054,legacy,False,random,468.99392277638884,2007525765,13,21,True,205.0,9.094947017729282e-13,6096.920996093055,neighborhood_joint,0.8131483999895863
90.0,20,9,5,1,1140.0,228,20844.600365291022,4168.920073058204,legacy,False,random,373.9946715372135,2007525766,15,21,True,211.0,-1.8189894035458565e-12,5609.920073058202,neighborhood,1.6995597999921301
84.0,18,0,3,0,1050.0,210,23117.08330979145,4623.416661958291,legacy,False,random,396.82777746388615,2007525766,15,21,True,195.0,9.094947017729282e-13,5952.416661958292,neighborhood_joint,1.2304712000041036
87.0,19,14,4,0,1085.0,217,21495.031505107636,4299.006301021528,legacy,False,random,378.1337534014353,2007525767,15,21,True,201.0,9.094947017729282e-13,5672.006301021529,neighborhood,2.50823429999582
81.0,17,0,2,0,1010.0,202,22394.34104008124,4478.868208016245,legacy,False,random,383.52454720108307,2007525767,15,21,True,183.0,9.094947017729282e-13,5752.868208016246,neighborhood_joint,1.0246157000074163
90.0,20,12,5,1,1145.0,229,22637.185974039534,4527.437194807908,legacy,False,random,398.3624796538605,2007525768,15,21,True,213.0,-9.094947017729282e-13,5975.437194807907,neighborhood,2.0043699000088964
96.0,22,0,7,3,1090.0,218,23155.242061715264,4631.048412343052,legacy,False,random,401.0698941562036,2007525768,15,21,True,199.0,1.8189894035458565e-12,6016.048412343054,neighborhood_joint,0.8267766000062693
96.0,22,14,7,0,1275.0,255,25840.402891015037,5168.080578203008,legacy,False,random,451.67203854686704,2007525769,15,21,True,236.0,-2.7284841053187847e-12,6775.080578203006,neighborhood,2.126040000002831
87.0,19,0,4,0,1030.0,206,22981.9360120648,4596.3872024129605,legacy,False,random,393.55914682753064,2007525769,15,21,True,190.0,-9.094947017729282e-13,5903.38720241296,neighborhood_joint,0.8316441999922972
65.0,15,10,5,2,1435.0,287,19836.549102456913,3967.309820491383,legacy,False,random,573.6309820491381,2007525770,10,21,True,269.0,-2.7284841053187847e-12,5736.30982049138,neighborhood,1.2934326000104193
56.0,12,0,2,1,1340.0,268,20026.992688330814,4005.398537666162,legacy,False,random,565.1398537666163,2007525770,10,21,True,250.0,9.094947017729282e-13,5651.398537666163,neighborhood_joint,0.6973203999950783
64.0,14,6,3,2,1350.0,270,21891.249897726786,4378.249979545357,legacy,False,random,549.4772708677597,2007525771,11,21,True,252.0,-9.094947017729282e-13,6044.249979545356,neighborhood,1.128071999992244
64.0,14,0,3,2,1320.0,264,22099.373072307117,4419.874614461422,legacy,False,random,550.079510405584,2007525771,11,21,True,247.0,9.094947017729282e-13,6050.874614461423,neighborhood_joint,0.6164927999925567
69.0,15,7,3,1,1275.0,255,21169.836977197527,4233.967395439504,legacy,False,random,484.33061628662523,2007525772,12,21,True,234.0,-9.094947017729282e-13,5811.967395439503,neighborhood,1.4723759000044083
63.0,13,0,1,0,1255.0,251,22175.61894146851,4435.1237882937,legacy,False,random,498.67698235780836,2007525772,12,21,True,231.0,0.0,5984.1237882937,neighborhood_joint,0.8018567999970401
84.0,18,18,3,0,1125.0,225,22308.372058431298,4461.674411686261,legacy,False,random,391.37829411241745,2007525773,15,21,True,200.0,9.094947017729282e-13,5870.674411686262,neighborhood,2.9461928000091575
81.0,17,0,2,1,960.0,192,22237.670872017297,4447.5341744034595,legacy,False,random,377.63561162689723,2007525773,15,21,True,176.0,-9.094947017729282e-13,5664.534174403459,neighborhood_joint,1.2986545999883674
61.0,13,9,2,1,1440.0,288,21413.925072581565,4282.785014516313,legacy,False,random,550.707728592392,2007525774,11,21,True,274.0,-9.094947017729282e-13,6057.785014516312,neighborhood,1.1579625000013039
73.0,17,0,6,3,1605.0,321,23813.95322414486,4762.790644828972,legacy,False,random,612.9809677117245,2007525774,11,21,True,302.0,-2.7284841053187847e-12,6742.79064482897,neighborhood_joint,0.9502358000027016
66.0,14,9,2,0,1300.0,260,20591.339457868104,4118.267891573622,legacy,False,random,477.27232429780173,2007525775,12,21,True,243.0,-1.8189894035458565e-12,5727.267891573621,neighborhood,1.6952802000014344
63.0,13,0,1,0,1260.0,252,21867.292713428298,4373.458542685661,legacy,False,random,494.2882118904717,2007525775,12,21,True,235.0,-9.094947017729282e-13,5931.45854268566,neighborhood_joint,0.8650933000026271
62.0,14,8,4,2,1475.0,295,20834.180473700064,4166.836094740016,legacy,False,random,598.2836094740013,2007525776,10,21,True,279.0,-2.7284841053187847e-12,5982.836094740013,neighborhood,0.9687697000044864
71.0,17,0,7,3,1465.0,293,21560.295463527054,4312.059092705411,legacy,False,random,612.6059092705409,2007525776,10,21,True,278.0,-1.8189894035458565e-12,6126.059092705409,neighborhood_joint,0.5402622999972664
71.0,15,12,2,0,1325.0,265,23320.835016593894,4664.167003318778,legacy,False,random,485.0897694860599,2007525777,13,21,True,246.0,0.0,6306.167003318778,neighborhood,1.7297377999930177
68.0,14,0,1,0,1250.0,250,25579.858072681836,5115.971614536367,legacy,False,random,512.6132011181821,2007525777,13,21,True,230.0,0.0,6663.971614536367,neighborhood_joint,0.7548139999998966
83.0,17,29,1,0,1580.0,316,22378.852390070817,4475.770478014163,legacy,False,random,401.9231548758852,2007525778,16,19,True,292.0,0.0,6430.770478014163,neighborhood,2.3065452000009827
89.0,19,0,3,2,1290.0,258,23860.81894000979,4772.163788001959,legacy,False,random,399.1977367501224,2007525778,16,19,True,236.0,-9.094947017729282e-13,6387.163788001958,neighborhood_joint,0.8428547999938019
70.0,16,15,5,2,1505.0,301,21141.785836603078,4228.357167320615,legacy,False,random,552.7597424836923,2007525779,11,21,True,277.0,9.094947017729282e-13,6080.357167320616,neighborhood,1.476913999998942
103.0,27,0,16,2,1380.0,276,21423.315290722945,4284.663058144589,legacy,False,random,547.51482346769,2007525779,11,21,True,255.0,9.094947017729282e-13,6022.66305814459,neighborhood_joint,0.7402276000066195
84.0,18,10,3,0,965.0,193,20191.43813171139,4038.2876263422795,legacy,False,random,351.01917508948526,2007525780,15,21,True,178.0,-9.094947017729282e-13,5265.287626342279,neighborhood,1.6170808999886503
99.0,23,0,8,1,980.0,196,21516.753350001018,4303.3506700002035,legacy,False,random,370.6233780000136,2007525780,15,21,True,177.0,0.0,5559.3506700002035,neighborhood_joint,0.8983665999985533
71.0,15,10,2,0,1290.0,258,21452.113363073993,4290.422672614799,legacy,False,random,452.95559020113853,2007525781,13,21,True,237.0,1.8189894035458565e-12,5888.422672614801,neighborhood,1.0990483999921707
77.0,17,0,4,2,1320.0,264,22069.132975706056,4413.826595141211,legacy,False,random,465.9866611647086,2007525781,13,21,True,247.0,9.094947017729282e-13,6057.826595141212,neighborhood_joint,0.510644299996784
74.0,16,10,3,0,1360.0,272,24318.782950382458,4863.756590076491,legacy,False,random,503.9812761597301,2007525782,13,21,True,254.0,0.0,6551.756590076491,neighborhood,1.158494100003736
65.0,13,0,0,0,1320.0,264,21620.632634594887,4324.126526918978,legacy,False,random,457.8558866860754,2007525782,13,21,True,243.0,1.8189894035458565e-12,5952.12652691898,neighborhood_joint,0.56803029999719
83.0,17,14,1,0,970.0,194,22399.36420103292,4479.872840206585,legacy,False,random,356.4295525129116,2007525783,16,19,True,170.0,0.0,5702.872840206585,neighborhood,1.6407843000051798
86.0,18,0,2,1,905.0,181,22155.340649522732,4431.068129904547,legacy,False,random,348.7542581190343,2007525783,16,19,True,158.0,1.8189894035458565e-12,5580.068129904549,neighborhood_joint,0.7070517999964068
53.0,11,7,1,0,1580.0,316,22867.90465410737,4573.580930821474,legacy,False,random,650.5580930821475,2007525784,10,21,True,299.0,9.094947017729282e-13,6505.580930821475,neighborhood,0.7332488999963971
53.0,11,0,1,0,1535.0,307,22341.99747012049,4468.399494024099,legacy,False,random,634.33994940241,2007525784,10,21,True,287.0,0.0,6343.399494024099,neighborhood_joint,0.431252599999425
74.0,16,11,3,0,1245.0,249,20737.243365661827,4147.448673132366,legacy,False,random,438.03451331787426,2007525785,13,21,True,228.0,-9.094947017729282e-13,5694.448673132365,neighborhood,1.1475046999985352
68.0,14,0,1,0,1110.0,222,20983.77516102205,4196.755032204412,legacy,False,random,429.05807940033935,2007525785,13,21,True,203.0,0.0,5577.755032204412,neighborhood_joint,0.5922726999997394
56.0,12,7,2,1,1405.0,281,20257.449466199316,4051.489893239863,legacy,False,random,577.3489893239864,2007525786,10,21,True,261.0,9.094947017729282e-13,5773.489893239864,neighborhood,0.9292210999992676
50.0,10,0,0,0,1390.0,278,22080.565327679455,4416.11306553589,legacy,False,random,611.5113065535891,2007525786,10,21,True,259.0,9.094947017729282e-13,6115.113065535891,neighborhood_joint,0.6540026000002399
71.0,15,12,2,1,1295.0,259,19720.907439526956,3944.1814879053914,legacy,False,random,427.01396060810714,2007525787,13,21,True,241.0,1.8189894035458565e-12,5551.181487905393,neighborhood,1.3626293999986956
71.0,15,0,2,1,1190.0,238,19762.14241791149,3952.428483582297,legacy,False,random,417.9560371986382,2007525787,13,21,True,220.0,9.094947017729282e-13,5433.428483582297,neighborhood_joint,0.5907707999867853
58.0,12,10,1,0,1410.0,282,21958.7341186795,4391.746823735899,legacy,False,random,556.249711248718,2007525788,11,21,True,259.0,-1.8189894035458565e-12,6118.746823735897,neighborhood,1.0804263000027277
58.0,12,0,1,0,1395.0,279,22662.463065026517,4532.4926130053045,legacy,False,random,567.8629648186642,2007525788,11,21,True,261.0,9.094947017729282e-13,6246.492613005305,neighborhood_joint,0.5888125999917975
96.0,22,14,7,0,1050.0,210,25039.90002781958,5007.980005563914,legacy,False,random,422.93200037092777,2007525789,15,21,True,190.0,1.8189894035458565e-12,6343.980005563916,neighborhood,1.8338442999956897
87.0,19,0,4,0,960.0,192,24971.099706827797,4994.219941365559,legacy,False,random,414.21466275770393,2007525789,15,21,True,172.0,0.0,6213.219941365559,neighborhood_joint,0.748060899990378
101.0,23,5,7,2,790.0,158,19730.704935404447,3946.1409870808898,legacy,False,random,311.38381169255575,2007525790,16,11,True,145.0,2.7284841053187847e-12,4982.140987080892,neighborhood,1.7814914000045974
86.0,18,0,2,1,740.0,148,19556.888418620787,3911.377683724159,legacy,False,random,304.33610523275996,2007525790,16,11,True,132.0,9.094947017729282e-13,4869.377683724159,neighborhood_joint,1.0683530999958748
78.0,16,10,1,0,1275.0,255,21150.044813457655,4230.008962691529,legacy,False,random,388.06726417943526,2007525791,15,21,True,238.0,0.0,5821.008962691529,neighborhood,1.5458241000014823
102.0,24,0,9,2,1265.0,253,22326.757188278385,4465.351437655675,legacy,False,random,404.69009584371173,2007525791,15,21,True,238.0,9.094947017729282e-13,6070.351437655676,neighborhood_joint,0.7394968000007793
79.0,19,7,8,1,1345.0,269,21000.42986061282,4200.085972122564,legacy,False,random,534.4623611020514,2007525792,11,21,True,255.0,9.094947017729282e-13,5879.085972122565,neighborhood,1.1178344000072684
55.0,11,0,0,0,1375.0,275,21549.205200640514,4309.841040128103,legacy,False,random,544.8037309207367,2007525792,11,21,True,253.0,1.8189894035458565e-12,5992.841040128104,neighborhood_joint,0.6504533000115771
81.0,17,11,2,0,1125.0,225,22060.74915036872,4412.149830073745,legacy,False,random,388.54332200491626,2007525793,15,21,True,210.0,-9.094947017729282e-13,5828.149830073744,neighborhood,1.3658836999966297
93.0,21,0,6,0,1015.0,203,22288.99222453258,4457.798444906517,legacy,False,random,383.5865629937678,2007525793,15,21,True,188.0,0.0,5753.798444906517,neighborhood_joint,0.7132088000071235
99.0,23,11,8,3,1125.0,225,21432.35997889305,4286.471995778607,legacy,False,random,381.49813305190713,2007525794,15,21,True,212.0,0.0,5722.471995778607,neighborhood,1.636351499997545
78.0,16,0,1,0,1045.0,209,21755.853936001688,4351.170787200338,legacy,False,random,377.5447191466891,2007525794,15,21,True,189.0,-1.8189894035458565e-12,5663.170787200336,neighborhood_joint,0.8308762999949977
95.0,21,15,5,2,1160.0,232,26588.719410088263,5317.743882017652,legacy,False,random,424.10899262610326,2007525795,16,20,True,213.0,0.0,6785.743882017652,neighborhood,1.5117750999925192
86.0,18,0,2,2,1125.0,225,26849.346507437014,5369.869301487403,legacy,False,random,424.3668313429627,2007525795,16,20,True,209.0,0.0,6789.869301487403,neighborhood_joint,0.7800101000029827
56.0,12,6,2,0,1365.0,273,21355.890517059117,4271.178103411824,legacy,False,random,594.8178103411823,2007525796,10,21,True,256.0,-9.094947017729282e-13,5948.178103411823,neighborhood,0.776855499992962
62.0,14,0,4,1,1350.0,270,21367.341984758365,4273.468396951672,legacy,False,random,593.5468396951671,2007525796,10,21,True,250.0,0.0,5935.468396951672,neighborhood_joint,0.45651079999515787
71.0,15,10,2,0,1265.0,253,23728.965677020107,4745.793135404021,legacy,False,random,485.6763950310785,2007525797,13,21,True,232.0,0.0,6313.793135404021,neighborhood,1.1419420000020182
71.0,15,0,2,0,1260.0,252,24182.159691089146,4836.431938217829,legacy,False,random,492.2639952475254,2007525797,13,21,True,232.0,9.094947017729282e-13,6399.43193821783,neighborhood_joint,0.5223413000057917
63.0,13,15,1,0,1325.0,265,21383.459460437793,4276.691892087558,legacy,False,random,492.3909910072966,2007525798,12,21,True,244.0,9.094947017729282e-13,5908.691892087559,neighborhood,2.0488748000061605
60.0,12,0,0,0,1195.0,239,22963.043249645438,4592.608649929088,legacy,False,random,505.6340541607572,2007525798,12,21,True,220.0,-9.094947017729282e-13,6067.608649929087,neighborhood_joint,0.8557398999982979
87.0,19,8,4,1,1180.0,236,20874.854111980032,4174.970822396007,legacy,False,random,377.53138815973386,2007525799,15,21,True,221.0,9.094947017729282e-13,5662.970822396008,neighborhood,1.2198708000069018
90.0,20,0,5,2,1135.0,227,20892.463857549268,4178.492771509852,legacy,False,random,374.2995181006567,2007525799,15,21,True,211.0,-9.094947017729282e-13,5614.492771509851,neighborhood_joint,0.6230715999990935
71.0,15,11,2,1,1260.0,252,19886.47245214611,3977.2944904292203,legacy,False,random,426.3303454176324,2007525800,13,21,True,234.0,9.094947017729282e-13,5542.294490429221,neighborhood,1.5686110999959055
71.0,15,0,2,0,1180.0,236,19856.36299747212,3971.272599494423,legacy,False,random,418.4055845764941,2007525800,13,21,True,217.0,0.0,5439.272599494423,neighborhood_joint,0.583431399994879
58.0,12,11,1,0,1320.0,264,20620.89206347164,4124.178412694328,legacy,False,random,522.1071284267571,2007525801,11,21,True,241.0,0.0,5743.178412694328,neighborhood,1.4375350000045728
58.0,12,0,1,0,1305.0,261,20369.091804256117,4073.818360851224,legacy,False,random,515.8925782592022,2007525801,11,21,True,238.0,-9.094947017729282e-13,5674.818360851224,neighborhood_joint,0.5261926000093808
56.0,12,11,2,0,1590.0,318,24775.184699404796,4955.03693988096,legacy,False,random,689.2036939880959,2007525802,10,21,True,291.0,-9.094947017729282e-13,6892.036939880959,neighborhood,0.9162109000026248
62.0,14,0,4,2,1545.0,309,22490.142748962095,4498.028549792418,legacy,False,random,639.4028549792417,2007525802,10,21,True,289.0,0.0,6394.028549792418,neighborhood_joint,0.4075041999894893
66.0,14,11,2,0,1295.0,259,20400.3502046368,4080.0700409273622,legacy,False,random,473.42250341061344,2007525803,12,21,True,240.0,-9.094947017729282e-13,5681.070040927361,neighborhood,1.3536273000063375
69.0,15,0,3,0,1130.0,226,20419.909834106613,4083.9819668213236,legacy,False,random,457.7484972351103,2007525803,12,21,True,210.0,-9.094947017729282e-13,5492.981966821323,neighborhood_joint,0.6284365999890724
416.0,128,9,112,2,800.0,160,20720.61933373252,4144.123866746504,legacy,False,random,343.7577416716567,2007525804,16,10,True,140.0,2.7284841053187847e-12,5500.123866746507,neighborhood,1.985379699995974
92.0,20,0,4,1,650.0,130,16694.156960370718,3338.831392074144,legacy,False,random,262.364462004634,2007525804,16,9,True,117.0,0.0,4197.831392074144,neighborhood_joint,2.687670100000105
98.0,22,8,6,1,930.0,186,20189.965698611577,4037.9931397223145,legacy,False,random,327.3745712326447,2007525805,16,15,True,172.0,9.094947017729282e-13,5237.993139722315,neighborhood,1.5603136999998242
98.0,22,0,6,1,880.0,176,20321.163495897235,4064.232699179448,legacy,False,random,325.07704369871544,2007525805,16,15,True,159.0,-9.094947017729282e-13,5201.232699179447,neighborhood_joint,0.9708811000018613
60.0,12,12,0,0,1340.0,268,23025.26284807211,4605.052569614422,legacy,False,random,521.2543808012018,2007525806,12,21,True,250.0,0.0,6255.052569614422,neighborhood,1.193948599990108
63.0,13,0,1,0,1275.0,255,22533.29932053838,4506.659864107677,legacy,False,random,506.7216553423064,2007525806,12,21,True,236.0,0.0,6080.659864107677,neighborhood_joint,0.4768212999915704
83.0,17,15,1,0,1130.0,226,21558.588528239048,4311.71770564781,legacy,False,random,357.9823566029882,2007525807,16,17,True,203.0,9.094947017729282e-13,5727.717705647811,neighborhood,1.4424196999898413
86.0,18,0,2,0,1065.0,213,24057.913313935063,4811.582662787013,legacy,False,random,384.72391642418836,2007525807,16,19,True,193.0,9.094947017729282e-13,6155.582662787014,neighborhood_joint,0.6695072000002256
74.0,16,14,3,0,1415.0,283,24527.90629980797,4905.581259961595,legacy,False,random,512.121635381661,2007525808,13,21,True,263.0,-1.8189894035458565e-12,6657.581259961593,neighborhood,1.2428474000043934
83.0,19,0,6,1,1300.0,260,24103.70615516573,4820.741231033147,legacy,False,random,495.595479310242,2007525808,13,21,True,239.0,-9.094947017729282e-13,6442.7412310331465,neighborhood_joint,0.6078875999955926
58.0,12,5,1,0,1375.0,275,20450.04900204227,4090.009800408454,legacy,False,random,525.4554364007686,2007525809,11,21,True,257.0,0.0,5780.009800408454,neighborhood,0.7971930999920005
64.0,14,0,3,1,1380.0,276,22202.086763350333,4440.417352670067,legacy,False,random,558.3106684245514,2007525809,11,21,True,257.0,-9.094947017729282e-13,6141.417352670066,neighborhood_joint,0.5074602999957278
50.0,10,11,0,0,1460.0,292,23300.66041039281,4660.132082078564,legacy,False,random,643.9132082078563,2007525810,10,21,True,269.0,-9.094947017729282e-13,6439.132082078563,neighborhood,0.8930785999982618
50.0,10,0,0,0,1420.0,284,23681.60678671132,4736.321357342265,legacy,False,random,647.0321357342265,2007525810,10,21,True,264.0,-9.094947017729282e-13,6470.3213573422645,neighborhood_joint,0.427736300000106
76.0,16,10,2,0,1200.0,240,22104.95472930627,4420.990945861255,legacy,False,random,422.7850675615181,2007525811,14,21,True,222.0,-1.8189894035458565e-12,5918.990945861253,neighborhood,1.0551601000042865
82.0,18,0,4,0,1195.0,239,22187.517601038635,4437.503520207727,legacy,False,random,424.03596572912323,2007525811,14,21,True,222.0,-1.8189894035458565e-12,5936.503520207725,neighborhood_joint,0.5255075000022771
50.0,10,7,0,0,1435.0,287,20852.021443304136,4170.404288660827,legacy,False,random,592.1404288660826,2007525812,10,21,True,266.0,-9.094947017729282e-13,5921.404288660826,neighborhood,1.175295000008191
50.0,10,0,0,0,1365.0,273,20840.13416376021,4168.026832752042,legacy,False,random,583.7026832752041,2007525812,10,21,True,254.0,-9.094947017729282e-13,5837.026832752041,neighborhood_joint,0.6432981999969343
82.0,18,10,4,0,1235.0,247,21782.74985758533,4356.549971517067,legacy,False,random,421.6821408226477,2007525813,14,21,True,230.0,0.0,5903.549971517067,neighborhood,1.1482440000108909
82.0,18,0,4,0,1090.0,218,24511.027410782077,4902.205482156416,legacy,False,random,448.30039158260115,2007525813,14,21,True,202.0,0.0,6276.205482156416,neighborhood_joint,0.6448159999999916
72.0,16,9,4,1,1440.0,288,22031.678896665686,4406.335779333139,legacy,False,random,515.4446482777613,2007525814,12,21,True,267.0,-3.637978807091713e-12,6185.335779333135,neighborhood,0.9259995000029448
66.0,14,0,2,2,1425.0,285,22542.47169773771,4508.494339547543,legacy,False,random,522.2911949622952,2007525814,12,21,True,268.0,0.0,6267.494339547543,neighborhood_joint,0.5256867999996757
50.0,10,8,0,0,1440.0,288,19857.083958989784,3971.416791797956,legacy,False,random,572.7416791797955,2007525815,10,21,True,266.0,-9.094947017729282e-13,5727.416791797955,neighborhood,0.8646996000024956
50.0,10,0,0,0,1410.0,282,19892.368354964634,3978.473670992926,legacy,False,random,569.9473670992927,2007525815,10,21,True,261.0,9.094947017729282e-13,5699.473670992927,neighborhood_joint,0.47896310000214726
83.0,19,12,6,2,1295.0,259,20953.196024120232,4190.639204824046,legacy,False,random,446.81840037108054,2007525816,13,21,True,240.0,9.094947017729282e-13,5808.639204824047,neighborhood,1.6107684000016889
74.0,16,0,3,0,1195.0,239,21744.132746593492,4348.826549318697,legacy,False,random,449.1405037937459,2007525816,13,21,True,221.0,-9.094947017729282e-13,5838.826549318696,neighborhood_joint,0.8056670999940252
68.0,14,13,1,0,1205.0,241,20715.28645725109,4143.057291450217,legacy,False,random,433.46594549617055,2007525817,13,21,True,219.0,0.0,5635.057291450217,neighborhood,1.3176967000035802
65.0,13,0,0,0,1120.0,224,20749.96098115988,4149.992196231976,legacy,False,random,426.07632278707507,2007525817,13,21,True,204.0,0.0,5538.992196231976,neighborhood_joint,0.738206000009086
77.0,17,13,4,0,1250.0,250,22166.110232148178,4433.222046429635,legacy,False,random,460.86323434074114,2007525818,13,21,True,231.0,0.0,5991.222046429635,neighborhood,1.5239933999982895
74.0,16,0,3,0,1165.0,233,19657.85847377533,3931.571694755066,legacy,False,random,414.3516688273125,2007525818,13,21,True,216.0,-3.637978807091713e-12,5386.571694755063,neighborhood_joint,0.629039899999043
61.0,13,12,2,0,1415.0,283,21317.844577094216,4263.568915418844,legacy,False,random,545.7789923108039,2007525819,11,21,True,264.0,-9.094947017729282e-13,6003.568915418843,neighborhood,1.1432972000038717
67.0,15,0,4,1,1355.0,271,22007.452763698257,4401.49055273965,legacy,False,random,552.408232067241,2007525819,11,21,True,253.0,0.0,6076.49055273965,neighborhood_joint,0.5257071999949403
87.0,19,11,4,1,1095.0,219,21840.61227251776,4368.122454503552,legacy,False,random,383.00816363357,2007525820,15,21,True,195.0,-1.8189894035458565e-12,5745.12245450355,neighborhood,1.6874938000109978
78.0,16,0,1,0,1045.0,209,24215.95574809407,4843.191149618815,legacy,False,random,410.3460766412543,2007525820,15,21,True,189.0,-9.094947017729282e-13,6155.191149618814,neighborhood_joint,0.8488662000017939
86.0,20,8,7,2,1105.0,221,20875.192857774207,4175.038571554841,legacy,False,random,428.46450550421855,2007525821,13,21,True,204.0,0.0,5570.038571554841,neighborhood,1.3506233999942197
74.0,16,0,3,0,1055.0,211,20770.89763685504,4154.179527371007,legacy,False,random,421.01380979776974,2007525821,13,21,True,190.0,0.0,5473.179527371007,neighborhood_joint,0.7208988000056706
89.0,19,13,3,2,1015.0,203,21133.839495463395,4226.767899092682,legacy,False,random,344.5479936932926,2007525822,16,18,True,182.0,0.0,5512.767899092682,neighborhood,1.5745251000043936
89.0,19,0,3,1,960.0,192,21352.02515940101,4270.405031880204,legacy,False,random,343.2128144925127,2007525822,16,18,True,172.0,-9.094947017729282e-13,5491.405031880203,neighborhood_joint,0.8244673000008333
109.0,27,14,13,3,1200.0,240,25484.3965327803,5096.879306556059,legacy,False,random,473.27709332543293,2007525823,14,21,True,220.0,1.8189894035458565e-12,6625.879306556061,neighborhood,1.7280027999950107
82.0,18,0,4,1,1040.0,208,23468.201366847305,4693.6402733694595,legacy,False,random,428.9028766692472,2007525823,14,21,True,189.0,9.094947017729282e-13,6004.64027336946,neighborhood_joint,0.6363070999941556
104.0,24,13,8,1,960.0,192,19392.679333584874,3878.5358667169744,legacy,False,random,320.0959916698108,2007525824,16,16,True,179.0,-1.8189894035458565e-12,5121.535866716973,neighborhood,1.5277383999928134
89.0,19,0,3,0,985.0,197,24514.31132701453,4902.862265402905,legacy,False,random,384.7413915876816,2007525824,16,20,True,179.0,9.094947017729282e-13,6155.862265402906,neighborhood_joint,0.743395600002259
86.0,18,10,2,1,610.0,122,17146.178285211296,3429.2356570422594,legacy,False,random,264.70222856514124,2007525825,16,10,True,110.0,0.0,4235.23565704226,neighborhood,1.5284147000056691
83.0,17,0,1,0,750.0,150,17223.32015872739,3444.664031745479,legacy,False,random,275.60400198409246,2007525825,16,15,True,132.0,9.094947017729282e-13,4409.664031745479,neighborhood_joint,0.8520568999956595
96.0,22,18,7,2,1230.0,246,21100.89528474491,4220.179056948981,legacy,False,random,385.0119371299321,2007525826,15,21,True,229.0,0.0,5775.179056948981,neighborhood,2.4052644000039436
78.0,16,0,1,0,1010.0,202,22677.127091946073,4535.425418389215,legacy,False,random,387.22836122594776,2007525826,15,21,True,185.0,9.094947017729282e-13,5808.425418389216,neighborhood_joint,0.5786901999963447
60.0,12,12,0,0,1315.0,263,22484.18608728399,4496.837217456797,legacy,False,random,509.4864347880664,2007525827,12,21,True,242.0,0.0,6113.837217456797,neighborhood,1.324381300000823
66.0,14,0,2,0,1255.0,251,22618.852653480255,4523.770530696049,legacy,False,random,506.39754422467075,2007525827,12,21,True,232.0,0.0,6076.770530696049,neighborhood_joint,0.47140789999684785
84.0,18,12,3,1,1205.0,241,22216.562011981947,4443.31240239639,legacy,False,random,397.1541601597594,2007525828,15,21,True,225.0,9.094947017729282e-13,5957.312402396391,neighborhood,1.3548596000036923
87.0,19,0,4,1,1115.0,223,22345.4933363202,4469.09866726404,legacy,False,random,391.87324448426926,2007525828,15,21,True,207.0,-9.094947017729282e-13,5878.098667264039,neighborhood_joint,0.6410936000029324
74.0,16,6,3,0,1215.0,243,20161.87742500188,4032.375485000376,legacy,False,random,426.64426807695196,2007525829,13,21,True,225.0,-9.094947017729282e-13,5546.375485000375,neighborhood,1.0285542000056012
71.0,15,0,2,0,1190.0,238,20248.24242196455,4049.648484392909,legacy,False,random,425.20372956868533,2007525829,13,21,True,217.0,9.094947017729282e-13,5527.648484392909,neighborhood_joint,0.6547448000055738
79.0,17,7,3,0,975.0,195,20676.894939779693,4135.378987955939,legacy,False,random,383.0270705682814,2007525830,14,21,True,173.0,0.0,5362.378987955939,neighborhood,1.242016499993042
73.0,15,0,1,0,925.0,185,21000.792427116623,4200.158485423325,legacy,False,random,383.08274895880896,2007525830,14,21,True,165.0,0.0,5363.158485423325,neighborhood_joint,0.6927900000009686
78.0,16,14,1,0,1280.0,256,21352.97572529273,4270.595145058548,legacy,False,random,390.9730096705698,2007525831,15,21,True,236.0,-9.094947017729282e-13,5864.595145058547,neighborhood,1.5940591000107815
84.0,18,0,3,0,1235.0,247,21766.718333785277,4353.343666757055,legacy,False,random,393.62291111713705,2007525831,15,21,True,232.0,9.094947017729282e-13,5904.343666757056,neighborhood_joint,0.5924238000006881
70.0,16,8,5,1,1450.0,290,20444.033435154048,4088.8066870308107,legacy,False,random,534.98242609371,2007525832,11,21,True,276.0,0.0,5884.80668703081,neighborhood,0.7114733000053093
79.0,19,0,8,1,1330.0,266,20757.82204951566,4151.564409903131,legacy,False,random,528.142219082103,2007525832,11,21,True,249.0,1.8189894035458565e-12,5809.564409903132,neighborhood_joint,0.5370476999960374
88.0,20,12,6,1,1160.0,232,21080.791407209916,4216.1582814419835,legacy,False,random,405.7255915315701,2007525833,14,21,True,216.0,-1.8189894035458565e-12,5680.158281441982,neighborhood,1.516947900003288
97.0,23,0,9,3,1170.0,234,22321.810620517732,4464.362124103545,legacy,False,random,424.8830088645389,2007525833,14,21,True,217.0,-9.094947017729282e-13,5948.362124103544,neighborhood_joint,0.9113556999946013
74.0,16,12,3,0,1260.0,252,20057.488826180084,4011.4977652360167,legacy,False,random,429.1921357873858,2007525834,13,21,True,234.0,-1.8189894035458565e-12,5579.497765236015,neighborhood,0.9821052999905078
74.0,16,0,3,0,1190.0,238,20521.29366226125,4104.258732452249,legacy,False,random,430.0199024963267,2007525834,13,21,True,222.0,-1.8189894035458565e-12,5590.258732452247,neighborhood_joint,0.4709401999862166
77.0,17,13,4,1,1220.0,244,20277.977731905863,4055.595546381173,legacy,False,random,429.0458112600903,2007525835,13,21,True,225.0,9.094947017729282e-13,5577.595546381174,neighborhood,1.1112169999978505
68.0,14,0,1,0,1095.0,219,20265.128272866412,4053.025654573281,legacy,False,random,416.69428112102173,2007525835,13,21,True,201.0,1.8189894035458565e-12,5417.025654573283,neighborhood_joint,0.48919150000438094
68.0,14,14,1,0,1465.0,293,22671.157887299316,4534.231577459865,legacy,False,random,487.4793521122973,2007525836,13,21,True,270.0,0.0,6337.231577459865,neighborhood,1.1494601000013063
71.0,15,0,2,1,1310.0,262,23579.8192934763,4715.9638586952615,legacy,False,random,487.6895275919433,2007525836,13,21,True,243.0,1.8189894035458565e-12,6339.963858695263,neighborhood_joint,0.5059927000111202
78.0,16,15,1,0,1360.0,272,22996.96976966586,4599.3939539331695,legacy,False,random,419.55959692887785,2007525837,15,21,True,256.0,-1.8189894035458565e-12,6293.393953933168,neighborhood,0.9869780000008177
75.0,15,0,0,0,1235.0,247,22935.951150177792,4587.190230035558,legacy,False,random,408.3460153357037,2007525837,15,21,True,228.0,-1.8189894035458565e-12,6125.190230035556,neighborhood_joint,0.4421052999969106
82.0,18,14,4,1,1250.0,250,22006.06298116841,4401.212596233682,legacy,False,random,425.87232830240595,2007525838,14,21,True,229.0,9.094947017729282e-13,5962.212596233683,neighborhood,0.88579880000907
73.0,15,0,1,0,1155.0,231,22111.01663793792,4422.203327587583,legacy,False,random,418.58595197054166,2007525838,14,21,True,210.0,0.0,5860.203327587583,neighborhood_joint,0.38696899999922607
70.0,16,12,5,1,1570.0,314,22580.857513568422,4516.171502713683,legacy,False,random,586.3792275194257,2007525839,11,21,True,294.0,0.0,6450.171502713683,neighborhood,0.7991087000118569
61.0,13,0,2,1,1450.0,290,25558.555574471437,5111.711114894287,legacy,False,random,626.7919195358444,2007525839,11,21,True,272.0,9.094947017729282e-13,6894.711114894288,neighborhood_joint,0.32754329999443144
390.0,122,14,110,2,1405.0,281,27662.97726405275,5532.595452810548,legacy,False,random,632.2162877342123,2007525840,12,21,True,259.0,0.0,7586.595452810548,neighborhood,0.8736186000023736
90.0,22,0,10,1,1290.0,258,25004.1822496702,5000.836449934041,legacy,False,random,551.6530374945035,2007525840,12,21,True,239.0,0.0,6619.836449934041,neighborhood_joint,0.37030809999851044
88.0,20,16,6,2,1300.0,260,22159.198469100138,4431.839693820026,legacy,False,random,432.70283527285886,2007525841,14,21,True,238.0,-1.8189894035458565e-12,6057.839693820024,neighborhood,1.0333327999978792
88.0,20,0,6,2,1230.0,246,23045.388211267265,4609.077642253451,legacy,False,random,439.50554587524647,2007525841,14,21,True,226.0,0.0,6153.077642253451,neighborhood_joint,0.4634310999972513
69.0,15,7,3,1,1255.0,251,24128.92154095809,4825.784308191616,legacy,False,random,531.9820256826347,2007525842,12,21,True,234.0,0.0,6383.784308191616,neighborhood,0.6708495000057155
66.0,14,0,2,1,1195.0,239,24036.74175087339,4807.348350174676,legacy,False,random,523.8623625145565,2007525842,12,21,True,218.0,1.8189894035458565e-12,6286.348350174678,neighborhood_joint,0.3703074000077322
